idd,x,y,cc,year,month,day,dayn,hour,min
36884,18.65562858,-34.02652723,V,2016,1,1,6,2,30
36888,18.65631899,-34.01599842,V,2016,1,1,6,2,45
36891,18.65390242,-34.0108206,S,2016,1,1,6,3,0
36894,18.64794772,-34.00935318,V,2016,1,1,6,4,21
36896,18.65476556,-34.0150491,V,2016,1,1,6,6,0
36899,18.64911291,-34.01004384,V,2016,1,1,6,6,30
36901,18.6520039,-34.00987099,V,2016,1,1,6,6,45
36904,18.64732234,-34.01606269,V,2016,1,1,6,7,15
36908,18.65606009,-34.02350667,V,2016,1,1,6,7,30
36911,18.6564916,-34.02143543,V,2016,1,1,6,10,0
36914,18.66546698,-34.02661354,V,2016,1,1,6,10,0
36917,18.6711629,-34.02514641,V,2016,1,1,6,11,0
36920,18.64164769,-34.01608472,V,2016,1,1,6,12,5
36923,18.66589849,-34.02592312,V,2016,1,1,6,16,15
36925,18.67314784,-34.02178064,V,2016,1,1,6,17,0
36929,18.67694512,-34.02549161,V,2016,1,1,6,19,30
36932,18.66520807,-34.02393804,V,2016,1,1,6,20,0
36934,18.67556429,-34.02583682,V,2016,1,1,6,20,0
36938,18.66822864,-34.01832857,V,2016,1,1,6,21,30
36940,18.65310407,-34.02203936,V,2016,1,1,6,22,0
36945,18.65761352,-34.02747655,V,2016,1,2,7,13,0
36948,18.66689091,-34.0181559,V,2016,1,2,7,13,50
36950,18.63591899,-34.00621391,V,2016,1,2,7,16,10
36952,18.65493816,-34.02678614,V,2016,1,2,7,16,15
36956,18.6510331,-34.01461737,V,2016,1,2,7,17,0
36959,18.65096828,-34.0102162,V,2016,1,2,7,17,30
36962,18.65001896,-34.00961209,V,2016,1,2,7,18,0
36965,18.66330931,-34.01509233,V,2016,1,3,1,0,15
36969,18.63662038,-34.00991367,P,2016,1,3,1,1,40
36970,18.64112988,-34.00840386,V,2016,1,3,1,2,0
36974,18.64397796,-34.01694771,V,2016,1,3,1,5,30
36978,18.65286692,-34.0103888,S,2016,1,3,1,5,55
36981,18.65286692,-34.0103888,P,2016,1,3,1,5,55
36984,18.65890805,-34.02626833,V,2016,1,3,1,7,30
36986,18.65890805,-34.02626833,V,2016,1,3,1,7,30
36989,18.67789444,-34.03161904,V,2016,1,3,1,10,0
36992,18.65217651,-34.00969839,V,2016,1,3,1,10,10
36995,18.64932855,-34.01133812,V,2016,1,3,1,11,0
36997,18.65627582,-34.01235226,V,2016,1,3,1,11,15
37000,18.65467926,-34.015308,V,2016,1,3,1,12,0
37005,18.651266,-34.0117937,V,2016,1,3,1,19,15
37006,18.66201491,-34.01919158,V,2016,1,3,1,22,0
37010,18.65476556,-34.02333407,V,2016,1,3,1,22,30
37014,18.64525081,-34.01293485,P,2016,1,4,2,14,15
37017,18.63750533,-34.00969869,V,2016,1,4,2,16,30
37019,18.66037518,-34.02626833,V,2016,1,4,2,19,40
37022,18.65707428,-34.02734719,V,2016,1,4,2,20,40
37025,18.65390233,-34.02739033,V,2016,1,4,2,21,45
37028,18.65511077,-34.01453129,V,2016,1,4,2,22,15
37031,18.66645937,-34.0179833,V,2016,1,4,2,22,20
37035,18.66909165,-34.01945049,V,2016,1,5,3,6,0
37037,18.66289992,-34.02935368,S,2016,1,5,3,6,45
37039,18.67953426,-34.02691566,V,2016,1,5,3,20,0
37044,18.64423655,-34.01619246,V,2016,1,6,4,20,40
37047,18.6454131,-34.009312,V,2016,1,6,4,23,15
37050,18.6432445,-34.01440185,V,2016,1,7,5,8,55
37052,18.6563621,-34.01315062,V,2016,1,7,5,9,0
37055,18.6592749,-34.02613896,V,2016,1,7,5,13,30
37058,18.64548825,-34.01071242,V,2016,1,7,5,18,0
37060,18.64397817,-34.01023774,V,2016,1,7,5,18,0
37064,18.68044054,-34.02941855,V,2016,1,7,5,18,15
37067,18.66617898,-34.0234635,V,2016,1,7,5,18,45
37069,18.64896155,-34.01299916,V,2016,1,8,6,5,15
37072,18.66389196,-34.02799453,V,2016,1,8,6,10,17
37076,18.66477657,-34.02641941,V,2016,1,8,6,10,50
37079,18.65086056,-34.01065878,V,2016,1,8,6,17,45
37083,18.64092509,-34.0149196,V,2016,1,8,6,23,55
37086,18.63788294,-34.01215812,S,2016,1,9,7,0,30
37088,18.64061207,-34.01548061,V,2016,1,9,7,8,0
37090,18.64513307,-34.00735817,V,2016,1,9,7,18,30
37095,18.6364914,-34.00657057,P,2016,1,9,7,22,0
37097,18.64164752,-34.00814504,V,2016,1,9,7,23,0
37100,18.63357926,-34.00719601,P,2016,1,9,7,23,45
37102,18.68095827,-34.02905181,V,2016,1,10,1,1,30
37107,18.66898371,-34.0279082,V,2016,1,10,1,5,20
37110,18.64177703,-34.00810197,V,2016,1,10,1,20,30
37113,18.6553265,-34.02085278,V,2016,1,11,2,4,30
37116,18.66581219,-34.02713135,V,2016,1,11,2,14,15
37118,18.6565779,-34.02799436,V,2016,1,11,2,20,30
37120,18.67055888,-34.02376556,V,2016,1,11,2,21,30
37123,18.67642731,-34.02721765,V,2016,1,12,3,9,30
37126,18.6556287,-34.01522168,V,2016,1,12,3,13,10
37130,18.65290953,-34.02920273,V,2016,1,12,3,15,30
37133,18.64881113,-34.01390563,V,2016,1,12,3,17,30
37137,18.67789444,-34.0247149,V,2016,1,12,3,19,20
37139,18.66831476,-34.02126244,V,2016,1,13,4,1,0
37143,18.66831476,-34.02126244,V,2016,1,13,4,2,10
37146,18.66542383,-34.02242791,V,2016,1,13,4,5,45
37147,18.64976006,-34.00857647,V,2016,1,13,4,9,0
37150,18.64182029,-34.00779975,V,2016,1,13,4,17,35
37154,18.67418346,-34.02333407,V,2016,1,13,4,17,40
37157,18.63474355,-34.00840386,V,2016,1,13,4,20,30
37161,18.63474355,-34.00840386,V,2016,1,13,4,20,30
37163,18.66563958,-34.02695874,V,2016,1,13,4,22,30
37167,18.66538066,-34.02229845,V,2016,1,13,4,22,55
37169,18.6531959,-34.01199279,P,2016,1,14,5,4,0
37171,18.65839023,-34.02790806,V,2016,1,14,5,6,45
37176,18.66350359,-34.02704512,V,2016,1,14,5,6,45
37178,18.65278062,-34.01444499,V,2016,1,14,5,8,0
37182,18.6713355,-34.02600942,V,2016,1,14,5,8,20
37183,18.67267334,-34.02687254,V,2016,1,14,5,17,50
37188,18.66270515,-34.01720663,S,2016,1,14,5,19,0
37190,18.66270515,-34.01720663,V,2016,1,14,5,19,0
37193,18.63841162,-34.00728225,V,2016,1,14,5,20,10
37197,18.67668621,-34.02868478,V,2016,1,14,5,20,30
37198,18.67590949,-34.02428339,V,2016,1,14,5,23,20
37202,18.6522196,-34.01146774,V,2016,1,14,5,23,30
37205,18.65545597,-34.01340936,V,2016,1,14,5,23,30
37207,18.66192861,-34.01962309,V,2016,1,15,6,7,40
37212,18.65964161,-34.02201784,V,2016,1,15,6,10,30
37215,18.66080668,-34.01858747,V,2016,1,15,6,16,30
37217,18.661756,-34.02039981,V,2016,1,15,6,17,0
37220,18.63539152,-34.00797239,V,2016,1,15,6,18,50
37222,18.64889704,-34.01366827,V,2016,1,15,6,19,30
37227,18.65925325,-34.01737925,V,2016,1,15,6,21,0
37228,18.65019157,-34.01211484,V,2016,1,15,6,23,25
37232,18.65114062,-34.01025932,V,2016,1,16,7,10,0
37235,18.65014866,-34.01642972,P,2016,1,16,7,12,0
37237,18.65433405,-34.02324777,V,2016,1,16,7,13,40
37241,18.67530542,-34.02363613,V,2016,1,16,7,19,0
37243,18.66233854,-34.02219057,V,2016,1,16,7,19,0
37247,18.661454,-34.02872813,V,2016,1,16,7,19,30
37250,18.65217651,-34.01271895,V,2016,1,16,7,20,30
37252,18.66224138,-34.02231997,V,2016,1,16,7,20,30
37255,18.66749498,-34.02005445,V,2016,1,16,7,22,0
37258,18.67461497,-34.02393818,V,2016,1,16,7,23,10
37262,18.67487387,-34.02411078,V,2016,1,16,7,23,10
37265,18.65347103,-34.01306416,V,2016,1,17,1,14,20
37267,18.66046129,-34.01681816,V,2016,1,17,1,17,40
37272,18.63284503,-34.01729266,P,2016,1,17,1,19,10
37275,18.65349244,-34.01099317,V,2016,1,17,1,23,10
37278,18.66104449,-34.02859865,V,2016,1,18,2,6,30
37280,18.66106559,-34.01366827,V,2016,1,18,2,11,40
37283,18.65554228,-34.02178064,V,2016,1,18,2,16,0
37286,18.65964144,-34.01720659,V,2016,1,18,2,21,15
37289,18.66548858,-34.02585839,V,2016,1,18,2,23,6
37293,18.64346024,-34.01466078,V,2016,1,19,3,0,30
37296,18.64257545,-34.01472551,V,2016,1,19,3,2,20
37299,18.64210086,-34.01550216,V,2016,1,19,3,5,0
37301,18.66410766,-34.02639784,V,2016,1,19,3,10,15
37305,18.66339574,-34.02350667,V,2016,1,19,3,17,30
37308,18.65562858,-34.02445599,V,2016,1,19,3,22,5
37311,18.65545597,-34.01090661,V,2016,1,20,4,4,0
37314,18.65226281,-34.01306416,V,2016,1,20,4,4,37
37316,18.64043947,-34.00607371,V,2016,1,20,4,10,5
37320,18.6469121,-34.01090661,V,2016,1,20,4,15,45
37321,18.63861619,-34.01279629,V,2016,1,20,4,16,45
37325,18.6543301,-34.0185615,V,2016,1,20,4,21,15
37329,18.6711629,-34.02626833,V,2016,1,20,4,21,15
37332,18.66253272,-34.02816697,V,2016,1,20,4,23,0
37333,18.67185331,-34.02575052,V,2016,1,21,5,3,0
37337,18.6457691,-34.01308586,V,2016,1,21,5,6,15
37340,18.66210121,-34.02376558,V,2016,1,21,5,9,20
37343,18.66736562,-34.01763815,V,2016,1,21,5,13,0
37346,18.64339544,-34.01595511,V,2016,1,21,5,16,30
37348,18.65545597,-34.02186694,V,2016,1,21,5,18,35
37351,18.63905864,-34.01332306,V,2016,1,22,6,3,0
37356,18.65019157,-34.01289155,V,2016,1,22,6,5,45
37359,18.645441,-34.009312,V,2016,1,22,6,6,10
37362,18.66581219,-34.02031351,V,2016,1,22,6,7,0
37365,18.66210121,-34.02057241,V,2016,1,22,6,12,0
37367,18.6669298,-34.0226902,V,2016,1,22,6,17,0
37370,18.65256474,-34.02700199,V,2016,1,22,6,17,10
37373,18.65882174,-34.01720664,V,2016,1,22,6,22,0
37376,18.64902677,-34.01071264,V,2016,1,22,6,22,40
37378,18.65880031,-34.02456378,V,2016,1,23,7,0,30
37382,18.66732228,-34.02890065,V,2016,1,23,7,2,0
37386,18.65027787,-34.01349567,V,2016,1,23,7,4,30
37387,18.64794772,-34.01228744,V,2016,1,23,7,5,0
37391,18.63957645,-34.00719564,V,2016,1,23,7,9,0
37395,18.64833645,-34.01004391,V,2016,1,23,7,9,0
37397,18.64725731,-34.01220114,V,2016,1,23,7,13,30
37401,18.66292086,-34.01806947,V,2016,1,23,7,20,0
37403,18.65700941,-34.02229845,V,2016,1,23,7,20,15
37407,18.66322313,-34.01806966,V,2016,1,23,7,20,45
37409,18.65908065,-34.02773546,V,2016,1,23,7,21,0
37413,18.65672609,-34.02058079,V,2016,1,23,7,21,15
37415,18.63482985,-34.00710934,V,2016,1,23,7,22,0
37417,18.64078467,-34.00633262,V,2016,1,23,7,22,0
37422,18.64078467,-34.00633262,V,2016,1,23,7,22,0
37424,18.63379423,-34.00641892,V,2016,1,23,7,23,0
37427,18.67306154,-34.02808067,S,2016,1,23,7,23,30
37431,18.65250006,-34.0122768,V,2016,1,24,1,0,1
37432,18.63439834,-34.00702303,P,2016,1,24,1,6,50
37437,18.67288893,-34.02816697,V,2016,1,24,1,9,30
37439,18.67366565,-34.02799436,V,2016,1,24,1,20,15
37443,18.66097929,-34.02592312,V,2016,1,25,2,15,25
37445,18.65413933,-34.02844761,V,2016,1,25,2,15,30
37447,18.66704147,-34.02055055,V,2016,1,25,2,15,30
37451,18.6362106,-34.01090579,V,2016,1,25,2,16,3
37453,18.65241355,-34.02072324,V,2016,1,25,2,16,30
37456,18.65412898,-34.02846926,V,2016,1,25,2,17,0
37461,18.65959871,-34.02266514,V,2016,1,25,2,21,20
37462,18.63484338,-34.00531419,V,2016,1,26,3,4,15
37466,18.63489031,-34.00553826,P,2016,1,26,3,4,15
37470,18.6764494,-34.02769247,V,2016,1,26,3,18,0
37473,18.64921497,-34.01041474,V,2016,1,26,3,21,30
37476,18.6359,-34.01718,P,2016,1,26,3,22,15
37478,18.65347103,-34.01384087,V,2016,1,27,4,1,40
37481,18.67081769,-34.02419709,S,2016,1,27,4,2,0
37484,18.67021358,-34.01970939,V,2016,1,27,4,8,0
37487,18.65968476,-34.02799436,V,2016,1,27,4,17,30
37490,18.64003409,-34.01305189,V,2016,1,28,5,9,50
37494,18.63843359,-34.01116547,V,2016,1,28,5,14,0
37496,18.67241431,-34.02771398,V,2016,1,28,5,14,5
37499,18.66218751,-34.0250601,V,2016,1,28,5,15,45
37501,18.64164831,-34.01166143,V,2016,1,28,5,18,15
37504,18.63912344,-34.00762761,V,2016,1,29,6,0,0
37509,18.6409787,-34.0113714,V,2016,1,29,6,5,0
37511,18.67189673,-34.02497381,V,2016,1,29,6,18,10
37515,18.66182097,-34.02484435,V,2016,1,29,6,20,0
37517,18.64855183,-34.0100436,V,2016,1,29,6,20,5
37520,18.66755985,-34.02628994,V,2016,1,29,6,23,0
37523,18.66261902,-34.01720664,V,2016,1,29,6,23,10
37526,18.67185331,-34.0201409,V,2016,1,29,6,23,30
37529,18.66656733,-34.02626833,V,2016,1,30,7,2,37
37533,18.66935075,-34.02044278,S,2016,1,30,7,4,0
37536,18.65864876,-34.02430493,V,2016,1,30,7,4,45
37539,18.67642729,-34.02950476,V,2016,1,30,7,7,40
37541,18.65718201,-34.01660253,V,2016,1,30,7,9,45
37544,18.645441,-34.0093027,V,2016,1,30,7,17,30
37547,18.65360041,-34.02471492,V,2016,1,30,7,19,0
37550,18.6450567,-34.01537269,V,2016,1,30,7,19,15
37553,18.66205787,-34.019666,V,2016,1,30,7,20,0
37557,18.6715081,-34.02739025,V,2016,1,30,7,20,0
37559,18.66018103,-34.02676457,V,2016,1,30,7,20,30
37562,18.65545597,-34.02316146,V,2016,1,30,7,20,40
37566,18.66275962,-34.02832898,V,2016,1,30,7,20,45
37567,18.65752722,-34.01556691,V,2016,1,30,7,23,57
37571,18.67159465,-34.02165105,V,2016,1,31,1,3,0
37575,18.65303952,-34.0100436,V,2016,1,31,1,3,50
37576,18.65752722,-34.019882,V,2016,1,31,1,7,0
37579,18.66305052,-34.02169433,V,2016,1,31,1,11,0
37583,18.67513324,-34.0279082,V,2016,1,31,1,13,13
37585,18.65798035,-34.02935386,V,2016,1,31,1,14,0
37588,18.64061207,-34.00624632,V,2016,1,31,1,15,15
37591,18.66995467,-34.02350667,V,2016,1,31,1,16,0
37594,18.66909165,-34.02376558,V,2016,1,31,1,16,0
37598,18.66469026,-34.02885738,V,2016,1,31,1,17,0
37600,18.67409716,-34.02316146,V,2016,1,31,1,17,30
37603,18.65355734,-34.02566422,V,2016,1,31,1,17,30
37608,18.63530483,-34.01617093,V,2016,1,31,1,17,30
37610,18.67539168,-34.02739025,V,2016,1,31,1,18,0
37612,18.66576906,-34.02350667,V,2016,1,31,1,18,15
37615,18.6511195,-34.01453118,V,2016,1,31,1,20,0
37619,18.63629697,-34.0168614,V,2016,1,31,1,20,0
37623,18.65849819,-34.02001126,P,2016,1,31,1,21,20
37624,18.67185331,-34.02074502,V,2016,1,31,1,22,30
37628,18.67353656,-34.02747668,V,2016,1,31,1,22,30
37630,18.65801266,-34.01967692,V,2016,1,31,1,23,30
37635,18.64257542,-34.00887888,V,2016,2,1,2,4,14
37638,18.64883218,-34.01651613,V,2016,2,1,2,4,35
37641,18.65375134,-34.0230967,V,2016,2,1,2,6,0
37644,18.64742991,-34.0102162,V,2016,2,1,2,7,10
37647,18.63983535,-34.01591212,S,2016,2,1,2,13,0
37649,18.65610358,-34.02777852,V,2016,2,1,2,15,20
37652,18.64704155,-34.01310722,V,2016,2,1,2,16,0
37656,18.66451766,-34.01867377,V,2016,2,1,2,17,0
37658,18.66941516,-34.02741185,V,2016,2,1,2,18,30
37662,18.65860599,-34.02078793,V,2016,2,1,2,19,0
37665,18.66069884,-34.01455298,V,2016,2,1,2,20,30
37668,18.63515354,-34.00667787,P,2016,2,1,2,22,30
37669,18.66456074,-34.02637629,V,2016,2,2,3,5,50
37672,18.64902646,-34.01647308,P,2016,2,2,3,7,15
37676,18.6566642,-34.02281626,V,2016,2,2,3,15,0
37678,18.65069316,-34.01531001,V,2016,2,2,3,19,30
37682,18.67858485,-34.03498481,V,2016,2,2,3,19,45
37686,18.67500343,-34.02751979,V,2016,2,3,4,12,30
37687,18.66939336,-34.02732559,V,2016,2,3,4,15,40
37692,18.6672793,-34.02070184,S,2016,2,3,4,21,0
37693,18.6672793,-34.02070184,V,2016,2,3,4,21,0
37698,18.65362184,-34.0117483,V,2016,2,3,4,21,5
37701,18.66292108,-34.01750872,V,2016,2,4,5,4,40
37704,18.67979332,-34.02967748,V,2016,2,4,5,12,20
37705,18.66990128,-34.02742272,V,2016,2,4,5,14,30
37709,18.65340628,-34.02436972,V,2016,2,5,6,2,10
37713,18.63504666,-34.00924512,V,2016,2,5,6,3,0
37716,18.65385911,-34.0291164,V,2016,2,5,6,9,0
37719,18.65694468,-34.02780025,V,2016,2,5,6,10,30
37720,18.64179913,-34.010044,V,2016,2,5,6,10,45
37724,18.65787251,-34.0213921,V,2016,2,5,6,11,30
37727,18.64246856,-34.007261,V,2016,2,5,6,15,30
37730,18.6520039,-34.01073401,V,2016,2,5,6,20,0
37733,18.66514335,-34.02428338,V,2016,2,5,6,20,15
37735,18.64775317,-34.00836043,V,2016,2,5,6,20,45
37739,18.65266211,-34.0109715,V,2016,2,5,6,22,0
37743,18.66106521,-34.01513533,V,2016,2,5,6,22,30
37745,18.64326567,-34.00857678,P,2016,2,5,6,22,30
37748,18.65873543,-34.02324766,V,2016,2,6,7,0,45
37751,18.66115211,-34.02313981,V,2016,2,6,7,8,30
37754,18.67668621,-34.02523271,V,2016,2,6,7,9,0
37756,18.67418346,-34.02350667,V,2016,2,6,7,9,30
37759,18.66072038,-34.02523271,V,2016,2,6,7,12,15
37763,18.66805607,-34.02212584,V,2016,2,6,7,13,45
37765,18.67357935,-34.02117652,V,2016,2,6,7,14,10
37769,18.66656737,-34.02305346,V,2016,2,6,7,14,30
37772,18.65364364,-34.02523271,V,2016,2,6,7,16,30
37774,18.65485186,-34.02143543,V,2016,2,6,7,20,0
37779,18.6470847,-34.01151073,S,2016,2,6,7,20,30
37780,18.6565779,-34.02203954,V,2016,2,6,7,21,20
37783,18.66236012,-34.02833957,V,2016,2,6,7,23,0
37786,18.64148581,-34.00915931,S,2016,2,7,1,0,10
37790,18.66512177,-34.02661354,V,2016,2,7,1,1,40
37792,18.65761354,-34.0215863,V,2016,2,7,1,7,45
37796,18.63569287,-34.01366827,V,2016,2,7,1,12,0
37800,18.6695253,-34.02491079,V,2016,2,7,1,14,0
37802,18.65444178,-34.02182363,V,2016,2,7,1,16,0
37806,18.65951216,-34.01798336,P,2016,2,7,1,16,0
37809,18.6596825,-34.0259295,V,2016,2,7,1,16,30
37810,18.65675054,-34.01625738,V,2016,2,7,1,16,45
37813,18.65485186,-34.02272996,V,2016,2,7,1,17,0
37816,18.6343,-34.01407,V,2016,2,7,1,18,0
37821,18.66355438,-34.029526,V,2016,2,7,1,19,0
37822,18.65778612,-34.02721765,V,2016,2,7,1,19,0
37825,18.65444186,-34.02072334,V,2016,2,7,1,20,20
37829,18.65485186,-34.02221215,V,2016,2,7,1,20,20
37833,18.64561757,-34.01565321,V,2016,2,7,1,20,20
37836,18.65700941,-34.02255735,V,2016,2,7,1,21,15
37838,18.66922125,-34.02313979,V,2016,2,7,1,21,30
37841,18.66430187,-34.0211765,V,2016,2,7,1,22,0
37844,18.67219852,-34.02557791,V,2016,2,7,1,22,0
37848,18.6536139,-34.0193639,V,2016,2,7,1,23,45
37850,18.6431147,-34.01289152,V,2016,2,8,2,4,30
37854,18.64000796,-34.00633262,V,2016,2,8,2,4,35
37857,18.64472079,-34.01269319,V,2016,2,8,2,13,30
37860,18.64061207,-34.01608472,V,2016,2,8,2,14,30
37861,18.63752684,-34.00564284,V,2016,2,8,2,17,20
37865,18.66533756,-34.01634365,V,2016,2,8,2,21,0
37867,18.67202591,-34.02264365,V,2016,2,8,2,22,0
37872,18.6543329,-34.01064719,V,2016,2,9,3,6,20
37874,18.64876754,-34.00909443,V,2016,2,9,3,7,17
37877,18.67737662,-34.03006561,V,2016,2,9,3,13,40
37879,18.65700941,-34.02782176,V,2016,2,9,3,19,0
37883,18.64574689,-34.01310739,V,2016,2,10,4,5,30
37885,18.66868175,-34.02790819,V,2016,2,10,4,12,0
37890,18.6512919,-34.01647304,V,2016,2,10,4,19,20
37891,18.65133462,-34.00948285,V,2016,2,10,4,20,15
37894,18.65338473,-34.00995729,V,2016,2,11,5,7,20
37898,18.66579068,-34.02378718,V,2016,2,11,5,14,30
37901,18.66236012,-34.02014088,V,2016,2,11,5,22,10
37904,18.66881125,-34.02029189,V,2016,2,11,5,22,45
37908,18.66881125,-34.02029189,V,2016,2,11,5,22,45
37911,18.64380546,-34.00840406,V,2016,2,12,6,13,50
37912,18.67923266,-34.02609573,V,2016,2,12,6,14,0
37915,18.66708514,-34.02441272,V,2016,2,12,6,15,10
37920,18.66346042,-34.02704517,V,2016,2,12,6,19,30
37922,18.67327704,-34.02756292,V,2016,2,12,6,22,0
37925,18.65465783,-34.02993629,V,2016,2,12,6,23,30
37928,18.65340637,-34.01051848,V,2016,2,13,7,11,0
37931,18.67862808,-34.03338867,S,2016,2,13,7,12,0
37933,18.66617897,-34.02251421,V,2016,2,13,7,15,0
37937,18.66445277,-34.02626841,V,2016,2,13,7,15,30
37940,18.67135737,-34.02225511,V,2016,2,13,7,17,0
37943,18.66635153,-34.02229824,V,2016,2,13,7,17,30
37947,18.65539113,-34.02538378,V,2016,2,13,7,20,45
37949,18.66596322,-34.02719623,V,2016,2,13,7,21,29
37953,18.67053745,-34.02208254,V,2016,2,13,7,22,0
37955,18.66909163,-34.02104706,V,2016,2,13,7,22,15
37959,18.65977106,-34.02799436,V,2016,2,13,7,22,30
37962,18.65651314,-34.02760616,V,2016,2,13,7,23,30
37964,18.6475166,-34.00797284,V,2016,2,13,7,23,31
37967,18.67068834,-34.02307498,V,2016,2,14,1,0,45
37970,18.65467926,-34.02411078,S,2016,2,14,1,1,30
37974,18.65558538,-34.02424025,S,2016,2,14,1,1,30
37975,18.66009484,-34.02482281,V,2016,2,14,1,1,30
37979,18.65467926,-34.02411078,S,2016,2,14,1,2,0
37982,18.65716045,-34.02070173,V,2016,2,14,1,2,20
37986,18.66978209,-34.02739036,V,2016,2,14,1,4,50
37987,18.66499203,-34.01798331,V,2016,2,14,1,7,0
37990,18.65675066,-34.01642982,V,2016,2,14,1,12,0
37994,18.66154044,-34.02419712,V,2016,2,14,1,14,50
37997,18.67064509,-34.02411078,V,2016,2,14,1,19,0
38001,18.65519707,-34.02238475,V,2016,2,14,1,21,0
38003,18.63644801,-34.00659177,V,2016,2,14,1,21,0
38006,18.66624374,-34.02290257,V,2016,2,14,1,21,30
38010,18.65933932,-34.01668877,V,2016,2,15,2,4,40
38011,18.67219852,-34.02212584,V,2016,2,15,2,5,0
38014,18.65761352,-34.0201409,V,2016,2,15,2,18,15
38017,18.65528337,-34.01686144,V,2016,2,15,2,20,54
38021,18.65519707,-34.02290256,V,2016,2,15,2,21,30
38023,18.67513278,-34.02385188,V,2016,2,16,3,16,0
38028,18.64244575,-34.01554495,S,2016,2,16,3,18,30
38029,18.64397741,-34.01595469,V,2016,2,16,3,21,40
38032,18.6439556,-34.01595479,V,2016,2,16,3,21,40
38036,18.66348204,-34.01617102,V,2016,2,16,3,22,25
38039,18.65476556,-34.02385188,V,2016,2,17,4,1,30
38043,18.66106579,-34.02419709,V,2016,2,17,4,1,30
38046,18.63990034,-34.0166024,V,2016,2,17,4,16,0
38048,18.63992257,-34.01630006,V,2016,2,17,4,17,0
38052,18.65502447,-34.01073401,V,2016,2,17,4,18,0
38055,18.63772131,-34.00754134,V,2016,2,18,5,5,10
38056,18.65403189,-34.02687255,V,2016,2,18,5,21,15
38060,18.63964119,-34.00715299,V,2016,2,19,6,0,9
38064,18.63964117,-34.0071961,V,2016,2,19,6,0,9
38066,18.65523975,-34.0144232,V,2016,2,19,6,1,5
38070,18.65528292,-34.01435853,V,2016,2,19,6,1,5
38072,18.64071984,-34.00935349,V,2016,2,19,6,4,10
38074,18.66958827,-34.0211764,V,2016,2,19,6,12,0
38079,18.65813118,-34.01929876,V,2016,2,19,6,12,30
38081,18.64371922,-34.0093532,S,2016,2,19,6,22,0
38084,18.67949099,-34.02760613,V,2016,2,19,6,22,40
38087,18.66425876,-34.02290256,V,2016,2,20,7,1,0
38090,18.66054776,-34.01686145,V,2016,2,20,7,6,0
38093,18.63862713,-34.01358197,V,2016,2,20,7,16,20
38097,18.63828192,-34.01384087,P,2016,2,20,7,16,30
38100,18.65511072,-34.0187384,V,2016,2,20,7,17,0
38102,18.67073139,-34.02428339,V,2016,2,20,7,20,0
38105,18.66089299,-34.01910528,V,2016,2,20,7,20,0
38107,18.66615739,-34.02747655,V,2016,2,20,7,20,45
38111,18.65908065,-34.01712034,V,2016,2,20,7,21,0
38113,18.67185331,-34.02635463,V,2016,2,20,7,21,0
38118,18.65821763,-34.01746555,V,2016,2,20,7,22,30
38119,18.66123819,-34.01953679,V,2016,2,20,7,23,30
38124,18.64000796,-34.00685043,S,2016,2,21,1,0,30
38125,18.63905864,-34.00745454,V,2016,2,21,1,0,30
38130,18.65718201,-34.02851217,V,2016,2,21,1,4,0
38132,18.64000796,-34.00685043,S,2016,2,21,1,4,11
38135,18.66305047,-34.0269372,V,2016,2,21,1,4,35
38138,18.6715081,-34.0250601,P,2016,2,21,1,5,30
38142,18.64078467,-34.0152217,V,2016,2,21,1,10,0
38143,18.65899435,-34.02756285,V,2016,2,21,1,12,15
38147,18.66604947,-34.02587999,V,2016,2,21,1,15,1
38150,18.64087098,-34.01591212,V,2016,2,21,1,15,45
38153,18.67228482,-34.02687244,V,2016,2,21,1,16,30
38156,18.6558659,-34.01940714,P,2016,2,21,1,19,0
38159,18.68151911,-34.03136013,V,2016,2,21,1,20,0
38162,18.64307238,-34.01189916,V,2016,2,21,1,20,0
38164,18.64898334,-34.00926688,V,2016,2,21,1,21,0
38168,18.66689096,-34.02057241,S,2016,2,21,1,22,55
38172,18.65606009,-34.02833957,V,2016,2,22,2,1,30
38173,18.66771057,-34.01776755,V,2016,2,22,2,17,0
38177,18.65666426,-34.01668882,V,2016,2,22,2,18,0
38180,18.66874658,-34.01884605,V,2016,2,22,2,18,30
38183,18.67357941,-34.02316146,V,2016,2,22,2,19,45
38187,18.65349246,-34.01315019,V,2016,2,22,2,20,30
38190,18.65502434,-34.02333404,V,2016,2,23,3,8,0
38192,18.66624352,-34.02644095,V,2016,2,23,3,9,35
38194,18.65735457,-34.02411076,V,2016,2,23,3,21,15
38198,18.66727929,-34.01955837,V,2016,2,24,4,7,0
38202,18.65463599,-34.02717457,V,2016,2,24,4,12,25
38205,18.64121618,-34.01479019,V,2016,2,24,4,13,40
38207,18.65709571,-34.02527589,V,2016,2,24,4,14,30
38211,18.66658882,-34.02307501,V,2016,2,24,4,17,50
38213,18.65237051,-34.02037793,V,2016,2,25,5,10,15
38217,18.65467844,-34.01366806,V,2016,2,25,5,12,30
38220,18.66602792,-34.02719619,V,2016,2,25,5,15,20
38222,18.6613245,-34.0200546,V,2016,2,25,5,20,20
38224,18.64958747,-34.01176958,V,2016,2,25,5,21,15
38227,18.67439928,-34.02575046,V,2016,2,25,5,23,0
38232,18.64295293,-34.01224432,V,2016,2,26,6,4,50
38235,18.65504596,-34.01830685,V,2016,2,26,6,10,0
38238,18.64663182,-34.00939657,P,2016,2,26,6,16,20
38240,18.67047235,-34.02344179,V,2016,2,26,6,17,15
38244,18.67191804,-34.02631151,V,2016,2,26,6,22,0
38247,18.64635109,-34.01328001,V,2016,2,27,7,12,30
38249,18.66812104,-34.02481189,P,2016,2,27,7,14,31
38252,18.65265126,-34.01625736,V,2016,2,27,7,16,0
38256,18.68113089,-34.0283397,V,2016,2,27,7,17,5
38258,18.68186458,-34.02881438,V,2016,2,27,7,19,30
38260,18.65912384,-34.01681831,V,2016,2,27,7,20,0
38263,18.67905971,-34.02726086,V,2016,2,27,7,20,45
38267,18.67176701,-34.02713135,V,2016,2,27,7,22,30
38271,18.67181011,-34.02350666,V,2016,2,27,7,23,0
38272,18.653406,-34.02137028,V,2016,2,27,7,23,0
38276,18.65627579,-34.02836115,V,2016,2,27,7,23,0
38279,18.66667522,-34.02178063,V,2016,2,28,1,0,0
38282,18.64846588,-34.00978501,V,2016,2,28,1,0,20
38284,18.67625471,-34.02648418,V,2016,2,28,1,2,20
38289,18.64087168,-34.00659205,V,2016,2,28,1,3,20
38292,18.64846569,-34.0165592,V,2016,2,28,1,5,10
38295,18.66054774,-34.017595,V,2016,2,28,1,6,40
38296,18.67625465,-34.02771402,V,2016,2,28,1,10,0
38299,18.66702039,-34.01785388,V,2016,2,28,1,12,0
38304,18.6652081,-34.02378713,V,2016,2,28,1,13,30
38306,18.66236012,-34.02083132,S,2016,2,28,1,14,0
38308,18.66236012,-34.02083132,V,2016,2,28,1,14,0
38311,18.65806666,-34.0215756,V,2016,2,28,1,14,35
38314,18.65649103,-34.01384095,V,2016,2,28,1,16,30
38319,18.64926368,-34.01569625,V,2016,2,28,1,18,0
38320,18.65247853,-34.02104703,V,2016,2,28,1,18,25
38324,18.6553264,-34.02771395,P,2016,2,28,1,18,45
38326,18.65331958,-34.01127359,V,2016,2,28,1,20,0
38330,18.65752665,-34.01711994,V,2016,2,28,1,20,0
38332,18.67465796,-34.02704514,V,2016,2,28,1,20,30
38336,18.65331988,-34.02452056,V,2016,2,28,1,22,0
38339,18.65541281,-34.02126278,V,2016,2,28,1,22,30
38343,18.6635252,-34.0203998,V,2016,2,29,2,5,5
38346,18.65370822,-34.02579354,S,2016,2,29,2,18,30
38348,18.67150812,-34.02152173,V,2016,2,29,2,20,30
38350,18.65830395,-34.01703405,V,2016,3,1,3,1,20
38355,18.66494917,-34.02773546,V,2016,3,1,3,4,30
38358,18.64100057,-34.00974181,P,2016,3,1,3,4,30
38361,18.64518582,-34.01280527,V,2016,3,1,3,4,35
38363,18.66443138,-34.02721777,V,2016,3,1,3,12,15
38366,18.6646039,-34.02678624,P,2016,3,1,3,19,5
38370,18.63508876,-34.01634362,V,2016,3,1,3,20,30
38371,18.64982409,-34.01041062,V,2016,3,1,3,21,11
38375,18.65441992,-34.01284827,V,2016,3,2,4,10,20
38379,18.65390254,-34.01116552,V,2016,3,2,4,12,0
38380,18.65575734,-34.01215787,V,2016,3,2,4,14,0
38383,18.65631899,-34.01409978,V,2016,3,2,4,14,15
38387,18.64654467,-34.00819919,P,2016,3,2,4,15,30
38391,18.65271537,-34.01174799,V,2016,3,2,4,17,0
38394,18.64479783,-34.00827454,P,2016,3,2,4,17,30
38395,18.65877867,-34.02462863,V,2016,3,2,4,19,20
38399,18.6520039,-34.01056141,V,2016,3,2,4,21,0
38402,18.65856286,-34.02367927,V,2016,3,2,4,21,50
38405,18.66434506,-34.02626842,V,2016,3,2,4,23,45
38408,18.66805603,-34.02065871,V,2016,3,3,5,6,30
38412,18.65933955,-34.02195324,V,2016,3,3,5,13,15
38414,18.67306154,-34.02264365,V,2016,3,3,5,17,0
38416,18.64935039,-34.00864144,V,2016,3,4,6,6,45
38419,18.65718173,-34.01461755,V,2016,3,4,6,17,30
38422,18.66069872,-34.01794022,V,2016,3,5,7,0,0
38425,18.67340674,-34.02143543,V,2016,3,5,7,0,0
38429,18.66181001,-34.02780022,V,2016,3,5,7,0,15
38431,18.66138926,-34.02648397,V,2016,3,5,7,7,0
38435,18.6570526,-34.01668884,V,2016,3,5,7,8,0
38438,18.64149652,-34.01530747,V,2016,3,5,7,12,1
38441,18.64153972,-34.01543695,V,2016,3,5,7,13,0
38444,18.67521908,-34.02324777,V,2016,3,5,7,16,0
38446,18.67754923,-34.02454229,V,2016,3,5,7,16,50
38451,18.64786141,-34.00961234,V,2016,3,5,7,18,0
38453,18.65668503,-34.01425085,V,2016,3,5,7,19,0
38455,18.65606009,-34.02575052,V,2016,3,5,7,20,10
38459,18.65321207,-34.02197476,V,2016,3,5,7,21,0
38461,18.66624373,-34.0178755,V,2016,3,5,7,22,10
38465,18.64848719,-34.01599796,V,2016,3,5,7,22,30
38469,18.66589849,-34.02669984,V,2016,3,5,7,22,46
38470,18.65897285,-34.01662415,V,2016,3,6,1,0,5
38475,18.64501299,-34.01310713,V,2016,3,6,1,0,30
38477,18.67254373,-34.02635463,V,2016,3,6,1,4,10
38480,18.65586576,-34.02937548,V,2016,3,6,1,4,30
38482,18.66063411,-34.01817756,V,2016,3,6,1,7,0
38486,18.67849855,-34.02816697,V,2016,3,6,1,14,0
38489,18.66727936,-34.02566416,S,2016,3,6,1,17,0
38491,18.65528337,-34.01479019,V,2016,3,6,1,17,0
38496,18.65131336,-34.01612786,V,2016,3,6,1,17,15
38498,18.66097929,-34.01884638,V,2016,3,6,1,17,30
38500,18.65977106,-34.02721765,V,2016,3,6,1,17,40
38505,18.64137105,-34.01172898,V,2016,3,6,1,21,30
38508,18.66210158,-34.02907321,V,2016,3,6,1,23,10
38510,18.66151869,-34.02188848,V,2016,3,7,2,4,50
38514,18.64227339,-34.00950359,V,2016,3,7,2,5,25
38515,18.66589849,-34.02713135,V,2016,3,7,2,14,0
38519,18.65860606,-34.02488752,V,2016,3,7,2,14,45
38521,18.66555328,-34.02678614,P,2016,3,7,2,15,30
38525,18.6438061,-34.0153918,V,2016,3,7,2,16,0
38528,18.65545597,-34.02333407,V,2016,3,7,2,16,30
38532,18.63517506,-34.01642993,P,2016,3,8,3,4,50
38534,18.66287793,-34.01953679,V,2016,3,8,3,15,10
38536,18.67032155,-34.02180221,V,2016,3,8,3,15,15
38541,18.64820663,-34.01090661,P,2016,3,8,3,16,45
38544,18.6666752,-34.01729294,V,2016,3,8,3,21,15
38547,18.63391484,-34.00589192,P,2016,3,9,4,3,0
38548,18.6715081,-34.02592312,V,2016,3,9,4,9,0
38551,18.64182025,-34.00764891,V,2016,3,9,4,14,30
38555,18.65396679,-34.01345232,V,2016,3,9,4,14,40
38558,18.65644845,-34.0240245,V,2016,3,9,4,16,0
38560,18.63621092,-34.01254621,P,2016,3,9,4,16,20
38563,18.64035316,-34.00641892,V,2016,3,9,4,20,50
38568,18.656265,-34.02771408,V,2016,3,10,5,4,15
38569,18.65873544,-34.02799436,V,2016,3,10,5,4,43
38573,18.65933955,-34.02808067,V,2016,3,10,5,4,43
38576,18.65079568,-34.01263265,V,2016,3,10,5,8,30
38580,18.67168071,-34.0202272,V,2016,3,10,5,10,5
38582,18.65096828,-34.01194223,V,2016,3,10,5,17,30
38585,18.6542837,-34.0151972,V,2016,3,10,5,18,0
38589,18.65519651,-34.01459577,V,2016,3,10,5,18,0
38590,18.66235995,-34.01496275,V,2016,3,10,5,21,0
38594,18.63776467,-34.00657015,V,2016,3,11,6,20,0
38598,18.65183139,-34.01086374,S,2016,3,12,7,5,0
38601,18.66620073,-34.02747666,V,2016,3,12,7,5,45
38603,18.66866015,-34.01867377,V,2016,3,12,7,6,40
38605,18.66654574,-34.02065871,V,2016,3,12,7,8,15
38609,18.65813135,-34.02376559,P,2016,3,12,7,9,25
38612,18.66322304,-34.01847957,V,2016,3,12,7,10,20
38616,18.64712712,-34.0099355,V,2016,3,12,7,16,30
38618,18.64121618,-34.01246004,V,2016,3,12,7,16,40
38622,18.67463619,-34.02331218,V,2016,3,12,7,18,20
38624,18.64941485,-34.00935318,V,2016,3,12,7,19,0
38626,18.65310405,-34.02354973,V,2016,3,12,7,20,0
38631,18.65193904,-34.0162785,V,2016,3,12,7,21,0
38632,18.65683684,-34.01660254,V,2016,3,12,7,21,0
38635,18.65433349,-34.01347387,V,2016,3,12,7,22,0
38638,18.6666752,-34.01608472,V,2016,3,12,7,22,0
38641,18.65528326,-34.02549167,V,2016,3,12,7,22,20
38645,18.64922077,-34.00857681,P,2016,3,13,1,5,15
38649,18.63802354,-34.01383999,V,2016,3,13,1,6,50
38651,18.64751618,-34.01004367,V,2016,3,13,1,9,15
38653,18.6566642,-34.02152173,V,2016,3,13,1,12,0
38658,18.66727931,-34.01763814,V,2016,3,13,1,13,40
38659,18.65765666,-34.02121947,V,2016,3,13,1,14,30
38664,18.64468359,-34.01271179,V,2016,3,13,1,19,30
38665,18.65467926,-34.01470389,V,2016,3,13,1,21,15
38669,18.65834706,-34.02419692,V,2016,3,14,2,6,10
38672,18.66939373,-34.02109022,V,2016,3,14,2,8,20
38674,18.66464708,-34.02695883,V,2016,3,14,2,13,0
38678,18.67165916,-34.02590149,V,2016,3,14,2,14,15
38681,18.64727878,-34.01694754,P,2016,3,14,2,18,45
38684,18.65739777,-34.02130586,P,2016,3,14,2,19,30
38688,18.66419394,-34.02624672,V,2016,3,14,2,20,10
38689,18.64156129,-34.00833924,V,2016,3,14,2,21,15
38694,18.66244642,-34.01789706,V,2016,3,15,3,5,15
38696,18.6566642,-34.02833957,V,2016,3,15,3,6,0
38700,18.64600581,-34.01668837,V,2016,3,15,3,10,0
38703,18.65424775,-34.02178064,V,2016,3,15,3,17,30
38705,18.64915595,-34.00987099,V,2016,3,15,3,19,30
38708,18.64924225,-34.01176963,V,2016,3,15,3,20,0
38711,18.64932855,-34.0100436,V,2016,3,15,3,20,30
38713,18.66520807,-34.02687244,V,2016,3,15,3,21,10
38717,18.65409662,-34.02872812,V,2016,3,16,4,20,0
38721,18.64557444,-34.01548021,V,2016,3,17,5,6,50
38724,18.66333097,-34.01804809,V,2016,3,17,5,7,45
38725,18.67802393,-34.03166261,V,2016,3,17,5,12,0
38730,18.64311526,-34.01198538,V,2016,3,17,5,15,0
38731,18.65377257,-34.01297779,V,2016,3,17,5,19,0
38734,18.67162142,-34.02495213,V,2016,3,17,5,19,30
38737,18.6409601,-34.01139,V,2016,3,17,5,20,30
38741,18.6409787,-34.0113528,P,2016,3,17,5,20,30
38744,18.65470081,-34.01837156,V,2016,3,17,5,22,30
38747,18.67700973,-34.02851237,V,2016,3,18,6,5,0
38751,18.66503559,-34.01599848,V,2016,3,18,6,9,30
38753,18.63655561,-34.00656994,P,2016,3,18,6,15,0
38756,18.66236012,-34.02057241,V,2016,3,18,6,17,48
38760,18.64883241,-34.0156316,V,2016,3,18,6,19,0
38762,18.65659944,-34.01860885,V,2016,3,18,6,23,0
38765,18.643848,-34.01595468,P,2016,3,18,6,23,45
38768,18.65804503,-34.019882,V,2016,3,19,7,2,15
38771,18.65931806,-34.02337717,V,2016,3,19,7,2,30
38775,18.66952307,-34.0270664,V,2016,3,19,7,5,30
38777,18.66328787,-34.02389498,V,2016,3,19,7,7,0
38781,18.65683689,-34.01673202,V,2016,3,19,7,11,50
38784,18.64865991,-34.01655908,V,2016,3,19,7,13,0
38786,18.66279163,-34.02212584,V,2016,3,19,7,15,30
38789,18.63338089,-34.00712059,V,2016,3,19,7,19,0
38791,18.633353,-34.00711129,V,2016,3,19,7,20,40
38795,18.65530487,-34.02180214,V,2016,3,19,7,21,30
38798,18.64993266,-34.01271895,V,2016,3,19,7,22,0
38801,18.66529438,-34.02074502,V,2016,3,19,7,22,35
38804,18.66555328,-34.02083132,V,2016,3,19,7,22,35
38807,18.66028887,-34.01802651,V,2016,3,19,7,23,0
38811,18.65476556,-34.01409978,V,2016,3,20,1,0,6
38813,18.66361151,-34.02383027,V,2016,3,20,1,0,15
38816,18.65493816,-34.0151354,V,2016,3,20,1,2,20
38819,18.64018056,-34.01332306,V,2016,3,20,1,4,0
38822,18.64069837,-34.01271895,V,2016,3,20,1,5,20
38826,18.66374094,-34.02247105,V,2016,3,20,1,7,40
38829,18.6600948,-34.02764931,V,2016,3,20,1,9,30
38832,18.66727932,-34.02091762,V,2016,3,20,1,11,0
38835,18.66486287,-34.02342037,V,2016,3,20,1,15,20
38836,18.63282353,-34.00935266,V,2016,3,20,1,15,30
38839,18.65554221,-34.02669996,V,2016,3,20,1,16,20
38843,18.64899053,-34.01259897,V,2016,3,20,1,17,20
38846,18.6666752,-34.0201409,V,2016,3,20,1,18,0
38848,18.6442158,-34.01623544,V,2016,3,20,1,18,15
38851,18.64156139,-34.01358197,V,2016,3,20,1,20,0
38854,18.6561459,-34.01448788,P,2016,3,20,1,20,30
38858,18.65131249,-34.01187739,V,2016,3,20,1,22,8
38862,18.65532643,-34.02162952,S,2016,3,20,1,22,18
38863,18.65269424,-34.02048609,V,2016,3,20,1,23,20
38868,18.66274877,-34.02920282,P,2016,3,21,2,0,45
38869,18.64661045,-34.01271875,V,2016,3,21,2,3,0
38873,18.65407515,-34.01366827,S,2016,3,21,2,7,0
38877,18.65407515,-34.01366827,V,2016,3,21,2,7,0
38878,18.66814233,-34.02160803,V,2016,3,21,2,8,0
38881,18.64087098,-34.01444499,V,2016,3,21,2,9,30
38885,18.65511017,-34.01453095,V,2016,3,21,2,12,30
38887,18.66490596,-34.01815598,V,2016,3,21,2,16,30
38892,18.66995467,-34.02523271,V,2016,3,21,2,16,30
38893,18.66080668,-34.0149628,V,2016,3,21,2,18,30
38898,18.66313681,-34.02510324,P,2016,3,21,2,19,20
38900,18.64112988,-34.01297786,P,2016,3,22,3,3,30
38904,18.66727932,-34.01841487,V,2016,3,22,3,6,10
38907,18.65070938,-34.01349567,V,2016,3,22,3,8,15
38909,18.64138879,-34.01444499,P,2016,3,22,3,14,30
38911,18.65226281,-34.01315046,V,2016,3,22,3,18,40
38914,18.64415044,-34.01453129,V,2016,3,22,3,19,15
38918,18.66020257,-34.02808067,P,2016,3,22,3,20,10
38921,18.65141479,-34.01193319,V,2016,3,22,3,21,0
38925,18.6419929,-34.01384087,V,2016,3,22,3,21,0
38927,18.66382725,-34.02247105,V,2016,3,22,3,22,0
38930,18.63992166,-34.01591212,P,2016,3,23,4,5,15
38934,18.65010526,-34.01384087,V,2016,3,23,4,7,45
38937,18.65010526,-34.01384087,V,2016,3,23,4,8,15
38940,18.65062308,-34.01409978,V,2016,3,23,4,11,30
38941,18.65994367,-34.02652723,V,2016,3,23,4,13,15
38944,18.65864914,-34.01737925,V,2016,3,23,4,18,20
38948,18.66002997,-34.02316146,V,2016,3,23,4,20,20
38951,18.66581219,-34.02652723,V,2016,3,23,4,20,30
38955,18.65830393,-34.01970939,V,2016,3,24,5,4,20
38958,18.65700941,-34.02178064,V,2016,3,24,5,4,30
38961,18.65036417,-34.01116552,V,2016,3,24,5,11,55
38963,18.64009919,-34.01307979,V,2016,3,24,5,15,0
38965,18.64087098,-34.01548061,V,2016,3,24,5,17,0
38969,18.65899435,-34.02773546,V,2016,3,24,5,17,40
38972,18.6712492,-34.02523271,V,2016,3,24,5,19,20
38975,18.64061207,-34.00659152,V,2016,3,24,5,20,0
38978,18.67918896,-34.02575052,V,2016,3,24,5,20,30
38982,18.64941485,-34.01220114,V,2016,3,24,5,20,35
38985,18.65606009,-34.02713135,V,2016,3,24,5,23,30
38986,18.65994367,-34.02687244,V,2016,3,24,5,23,30
38989,18.64035316,-34.01573951,V,2016,3,25,6,1,5
38994,18.66097929,-34.01815596,V,2016,3,25,6,3,10
38995,18.66339574,-34.0248875,V,2016,3,25,6,10,30
39000,18.66546698,-34.02316146,V,2016,3,25,6,13,30
39001,18.66525125,-34.02061552,V,2016,3,25,6,15,40
39004,18.66486287,-34.02091762,V,2016,3,25,6,16,0
39007,18.65593045,-34.02001121,V,2016,3,25,6,16,30
39011,18.63390164,-34.01003535,V,2016,3,25,6,18,15
39013,18.63552003,-34.00609535,V,2016,3,25,6,19,0
39016,18.65288853,-34.01580401,V,2016,3,25,6,19,0
39021,18.64773139,-34.01200711,V,2016,3,25,6,20,15
39022,18.6657799,-34.0199508,V,2016,3,25,6,21,0
39025,18.66469026,-34.02678614,V,2016,3,25,6,21,40
39030,18.65994367,-34.02272996,S,2016,3,25,6,22,0
39032,18.63659887,-34.00991378,V,2016,3,25,6,23,15
39035,18.65502447,-34.02083132,V,2016,3,25,6,23,30
39039,18.65925325,-34.01737925,S,2016,3,26,7,0,0
39042,18.65103324,-34.01474688,V,2016,3,26,7,2,30
39043,18.63623279,-34.00661348,V,2016,3,26,7,2,30
39048,18.65297474,-34.01584714,V,2016,3,26,7,3,15
39050,18.66676157,-34.02018401,V,2016,3,26,7,4,0
39054,18.65735461,-34.01470389,V,2016,3,26,7,8,0
39056,18.67478757,-34.02350667,V,2016,3,26,7,12,0
39059,18.66736562,-34.02057241,V,2016,3,26,7,15,30
39062,18.65073529,-34.01165419,V,2016,3,26,7,19,45
39065,18.66417243,-34.02799451,V,2016,3,26,7,19,50
39068,18.6666752,-34.02169433,V,2016,3,26,7,20,30
39072,18.66684781,-34.019882,V,2016,3,26,7,22,0
39075,18.6535784,-34.02292386,V,2016,3,26,7,22,30
39076,18.66451766,-34.01919158,V,2016,3,26,7,23,20
39079,18.65433398,-34.02406765,V,2016,3,27,1,3,0
39083,18.65744092,-34.02091762,V,2016,3,27,1,12,45
39087,18.66771083,-34.02212584,V,2016,3,27,1,13,40
39089,18.66512177,-34.02065871,V,2016,3,27,1,15,5
39091,18.64691959,-34.015678,V,2016,3,27,1,16,30
39095,18.6568344,-34.0186039,V,2016,3,27,1,17,45
39098,18.67806704,-34.02669984,V,2016,3,27,1,18,45
39101,18.669742,-34.02879574,V,2016,3,27,1,19,30
39104,18.66677446,-34.02241352,V,2016,3,27,1,21,15
39107,18.65994367,-34.02419709,V,2016,3,27,1,21,45
39109,18.67944787,-34.03075602,V,2016,3,27,1,22,45
39113,18.66771083,-34.02143543,V,2016,3,28,2,0,0
39116,18.67234943,-34.02718525,V,2016,3,28,2,0,10
39120,18.64078467,-34.01358197,S,2016,3,28,2,0,15
39121,18.65027787,-34.01263265,V,2016,3,28,2,0,30
39125,18.64509976,-34.015308,V,2016,3,28,2,10,15
39128,18.64354633,-34.01427238,V,2016,3,28,2,12,0
39130,18.66753822,-34.02178064,V,2016,3,28,2,12,0
39134,18.65349251,-34.02467173,V,2016,3,28,2,13,0
39136,18.6655967,-34.02121938,V,2016,3,28,2,13,30
39139,18.66074184,-34.01806928,V,2016,3,28,2,18,30
39143,18.66072038,-34.01349567,V,2016,3,28,2,19,0
39147,18.66145388,-34.01591209,V,2016,3,29,3,4,50
39150,18.64156139,-34.01297786,V,2016,3,29,3,5,30
39153,18.63224131,-34.00710988,V,2016,3,29,3,10,25
39156,18.65778612,-34.02557791,V,2016,3,29,3,12,0
39158,18.6450132,-34.01315042,V,2016,3,29,3,12,45
39161,18.64620081,-34.01433698,V,2016,3,29,3,16,15
39164,18.67530538,-34.02445599,V,2016,3,29,3,16,30
39166,18.67892987,-34.03528738,V,2016,3,29,3,18,0
39171,18.66736562,-34.02419709,V,2016,3,29,3,20,20
39173,18.6700839,-34.02790811,P,2016,3,29,3,23,50
39177,18.66551,-34.02337712,V,2016,3,30,4,4,50
39180,18.66279163,-34.01867377,V,2016,3,30,4,6,30
39183,18.64095728,-34.01349567,V,2016,3,30,4,12,30
39184,18.63508876,-34.00607371,V,2016,3,30,4,15,30
39189,18.65580118,-34.02600942,V,2016,3,30,4,16,15
39190,18.65070938,-34.01194223,V,2016,3,30,4,18,40
39195,18.65070938,-34.01194223,V,2016,3,30,4,18,40
39197,18.65286692,-34.01246004,P,2016,3,30,4,19,30
39201,18.65303952,-34.01176963,V,2016,3,30,4,19,31
39203,18.66063408,-34.02583682,V,2016,3,31,5,3,0
39207,18.65640529,-34.02549161,P,2016,3,31,5,7,15
39208,18.65303952,-34.01194223,V,2016,3,31,5,8,0
39212,18.65752722,-34.0201409,V,2016,3,31,5,15,50
39216,18.66602802,-34.02799457,V,2016,3,31,5,16,40
39217,18.65821763,-34.01677513,V,2016,3,31,5,19,30
39220,18.64889704,-34.01056141,V,2016,3,31,5,20,15
48176,18.655461,-34.050306,V,2016,1,1,6,2,0
48178,18.652032,-34.018682,V,2016,1,1,6,3,0
48180,18.66844,-34.04643,P,2016,1,1,6,3,0
48182,18.652258,-34.030144,V,2016,1,1,6,5,0
48183,18.659844,-34.043712,V,2016,1,1,6,5,10
48186,18.663124,-34.041874,S,2016,1,1,6,6,0
48188,18.661834,-34.036403,V,2016,1,1,6,10,40
48189,18.67353,-34.029528,V,2016,1,1,6,19,29
48192,18.670808,-34.037911,V,2016,1,1,6,23,0
48194,18.656779,-34.050274,V,2016,1,2,7,1,30
48196,18.660714,-34.043281,V,2016,1,2,7,4,6
48198,18.673503,-34.029566,V,2016,1,2,7,7,10
48200,18.669236,-34.047651,V,2016,1,2,7,11,15
48201,18.66242,-34.033505,V,2016,1,2,7,16,0
48204,18.668086,-34.030869,V,2016,1,2,7,18,0
48206,18.66701,-34.04656,V,2016,1,2,7,21,10
48208,18.671969,-34.041307,V,2016,1,3,1,1,0
48210,18.680198,-34.042496,V,2016,1,3,1,2,30
48212,18.659504,-34.0399,V,2016,1,3,1,22,50
48214,18.658305,-34.037735,V,2016,1,4,2,16,0
48216,18.675257,-34.028636,V,2016,1,4,2,20,0
48218,18.66029,-34.043582,V,2016,1,6,4,20,15
48219,18.660481,-34.046812,V,2016,1,7,5,5,45
48222,18.662907,-34.031236,V,2016,1,7,5,11,0
48224,18.680144,-34.043293,V,2016,1,7,5,20,52
48226,18.656059,-34.03506,V,2016,1,8,6,15,10
48228,18.671788,-34.049373,P,2016,1,8,6,16,15
48230,18.6793,-34.039696,V,2016,1,8,6,21,20
48231,18.66501,-34.048365,V,2016,1,8,6,21,32
48233,18.67249,-34.04288,V,2016,1,9,7,16,4
48236,18.65542,-34.05076,V,2016,1,9,7,18,0
48237,18.661464,-34.04568,V,2016,1,9,7,18,30
48239,18.66581,-34.04386,V,2016,1,9,7,19,30
48242,18.65822,-34.04491,P,2016,1,9,7,22,0
48244,18.668563,-34.033688,V,2016,1,10,1,16,20
48246,18.671029,-34.049976,V,2016,1,10,1,19,30
48248,18.660379,-34.042095,V,2016,1,11,2,13,30
48249,18.664725,-34.04998,V,2016,1,11,2,21,5
48252,18.674194,-34.036083,V,2016,1,12,3,13,20
48253,18.674203,-34.036074,V,2016,1,12,3,13,20
48256,18.671609,-34.04729,P,2016,1,12,3,16,30
48258,18.669997,-34.049057,P,2016,1,12,3,18,20
48260,18.674525,-34.0492,V,2016,1,13,4,17,10
48262,18.672954,-34.031485,V,2016,1,14,5,2,40
48264,18.668476,-34.03162,P,2016,1,14,5,2,55
48266,18.659753,-34.034408,V,2016,1,14,5,13,15
48268,18.65641,-34.0502,V,2016,1,14,5,20,40
48269,18.660356,-34.047568,V,2016,1,14,5,22,0
48272,18.671997,-34.041391,V,2016,1,14,5,22,30
48274,18.655954,-34.043424,V,2016,1,15,6,14,0
48276,18.680401,-34.045015,S,2016,1,15,6,15,45
48278,18.680401,-34.045015,S,2016,1,15,6,15,46
48279,18.664323,-34.033764,V,2016,1,15,6,16,40
48282,18.657465,-34.039858,V,2016,1,15,6,22,0
48284,18.660664,-34.037299,V,2016,1,16,7,2,30
48286,18.656019,-34.043443,V,2016,1,16,7,14,45
48287,18.67931,-34.039686,V,2016,1,16,7,20,15
48290,18.652409,-34.018154,S,2016,1,16,7,21,0
48292,18.661262,-34.056266,V,2016,1,17,1,3,0
48294,18.667795,-34.036579,V,2016,1,17,1,20,30
48296,18.664044,-34.054216,V,2016,1,18,2,9,30
48298,18.655375,-34.034799,S,2016,1,18,2,14,0
48300,18.66036,-34.042802,V,2016,1,18,2,21,45
48302,18.664746,-34.043296,V,2016,1,19,3,12,0
48304,18.664694,-34.039359,V,2016,1,20,4,14,30
48306,18.674207,-34.030338,S,2016,1,21,5,15,0
48308,18.65968,-34.049747,V,2016,1,21,5,20,40
48310,18.675386,-34.035813,V,2016,1,22,6,11,30
48312,18.677672,-34.039288,P,2016,1,22,6,14,35
48314,18.654416,-34.017461,V,2016,1,22,6,18,30
48316,18.670588,-34.036807,V,2016,1,22,6,20,10
48317,18.66047,-34.036919,V,2016,1,23,7,0,30
48319,18.66569,-34.041768,V,2016,1,23,7,9,17
48322,18.66715,-34.04466,P,2016,1,23,7,11,45
48324,18.66916,-34.04861,P,2016,1,23,7,15,20
48326,18.65854,-34.036768,P,2016,1,23,7,16,50
48328,18.683218,-34.041686,V,2016,1,23,7,17,0
48330,18.664239,-34.053956,P,2016,1,23,7,18,15
48332,18.670731,-34.049641,V,2016,1,23,7,21,0
48334,18.663857,-34.041889,V,2016,1,24,1,0,10
48336,18.6651,-34.04378,V,2016,1,24,1,11,30
48338,18.6651,-34.04378,V,2016,1,24,1,11,30
48340,18.679834,-34.042115,V,2016,1,24,1,19,20
48342,18.659267,-34.050905,V,2016,1,24,1,20,55
48344,18.655976,-34.038281,S,2016,1,24,1,21,10
48345,18.662416,-34.049065,V,2016,1,24,1,22,0
48348,18.673001,-34.031513,V,2016,1,24,1,22,10
48349,18.660245,-34.052939,V,2016,1,24,1,23,0
48352,18.66124,-34.04433,P,2016,1,25,2,12,55
48353,18.67102,-34.049967,V,2016,1,26,3,6,0
48355,18.65957,-34.04718,V,2016,1,27,4,0,28
48358,18.663628,-34.03334,V,2016,1,28,5,11,50
48359,18.665043,-34.044285,V,2016,1,28,5,19,0
48362,18.653728,-34.033156,V,2016,1,29,6,23,10
48363,18.671562,-34.030672,V,2016,1,30,7,0,0
48366,18.653287,-34.031504,S,2016,1,30,7,0,30
48367,18.666068,-34.033068,V,2016,1,30,7,4,45
48370,18.675839,-34.032017,V,2016,1,30,7,16,20
48372,18.676044,-34.031973,V,2016,1,30,7,19,50
48374,18.66212,-34.04887,V,2016,1,30,7,22,0
48376,18.663343,-34.035498,S,2016,1,31,1,6,30
48378,18.668294,-34.047381,V,2016,1,31,1,17,40
48380,18.6613,-34.0436,V,2016,1,31,1,21,0
48382,18.651353,-34.036629,V,2016,1,31,1,21,10
48384,18.654229,-34.038368,V,2016,1,31,1,22,30
48385,18.658824,-34.037758,V,2016,1,31,1,23,0
48388,18.671517,-34.039911,V,2016,2,1,2,0,10
48390,18.670007,-34.037118,V,2016,2,1,2,1,0
48392,18.676082,-34.040682,V,2016,2,1,2,5,5
48394,18.652258,-34.01823,V,2016,2,1,2,5,34
48396,18.668469,-34.047487,V,2016,2,1,2,6,30
48397,18.6651,-34.04378,V,2016,2,1,2,11,35
48399,18.661205,-34.042567,V,2016,2,1,2,12,45
48401,18.652603,-34.055754,V,2016,2,1,2,16,15
48404,18.680847,-34.044138,V,2016,2,1,2,17,45
48406,18.658834,-34.037746,V,2016,2,2,3,21,0
48407,18.658892,-34.052928,V,2016,2,2,3,21,25
48410,18.677302,-34.03636,V,2016,2,3,4,8,15
48412,18.656019,-34.043396,V,2016,2,3,4,22,0
48413,18.662098,-34.05416,V,2016,2,4,5,18,30
48416,18.675101,-34.031081,V,2016,2,4,5,21,36
48418,18.674323,-34.031176,V,2016,2,5,6,11,45
48420,18.677779,-34.035006,V,2016,2,6,7,0,0
48422,18.664415,-34.039814,V,2016,2,6,7,3,30
48424,18.656472,-34.036243,V,2016,2,6,7,7,30
48426,18.6693,-34.035649,V,2016,2,6,7,17,0
48428,18.673303,-34.031425,V,2016,2,6,7,17,0
48430,18.659648,-34.058422,V,2016,2,6,7,20,30
48432,18.65618,-34.035041,V,2016,2,6,7,22,30
48434,18.669601,-34.036704,V,2016,2,6,7,22,30
48436,18.669601,-34.036403,V,2016,2,6,7,22,30
48438,18.662585,-34.033241,V,2016,2,6,7,23,30
48440,18.671977,-34.032845,V,2016,2,7,1,2,5
48442,18.672467,-34.047073,V,2016,2,7,1,9,40
48444,18.66925,-34.04202,V,2016,2,7,1,13,40
48446,18.654574,-34.017461,V,2016,2,7,1,14,0
48448,18.659497,-34.05812,V,2016,2,7,1,16,0
48449,18.654787,-34.03364,V,2016,2,7,1,19,0
48452,18.65772,-34.039947,V,2016,2,7,1,19,50
48453,18.655201,-34.043151,V,2016,2,7,1,21,0
48456,18.66465,-34.04734,P,2016,2,7,1,21,10
48457,18.673856,-34.029435,V,2016,2,8,2,16,0
48460,18.675478,-34.039324,V,2016,2,9,3,11,45
48461,18.659572,-34.058346,V,2016,2,10,4,7,0
48464,18.66296,-34.049038,V,2016,2,10,4,13,30
48466,18.653755,-34.017643,V,2016,2,10,4,17,0
48468,18.65545,-34.05119,S,2016,2,10,4,18,5
48470,18.65545,-34.05119,S,2016,2,10,4,18,11
48472,18.65173,-34.018833,V,2016,2,10,4,19,15
48474,18.658909,-34.043491,S,2016,2,11,5,14,15
48476,18.660374,-34.04754,V,2016,2,11,5,14,30
48478,18.664053,-34.042331,V,2016,2,11,5,18,0
48480,18.66755,-34.032312,V,2016,2,11,5,18,0
48482,18.668535,-34.03366,V,2016,2,11,5,23,0
48484,18.659614,-34.034873,V,2016,2,12,6,6,22
48486,18.675628,-34.043449,V,2016,2,12,6,8,5
48488,18.653796,-34.036721,V,2016,2,12,6,21,0
48490,18.660359,-34.046534,V,2016,2,12,6,21,0
48492,18.673232,-34.032252,V,2016,2,12,6,23,30
48493,18.653183,-34.017979,V,2016,2,13,7,17,20
48496,18.666061,-34.033367,P,2016,2,14,1,1,0
48497,18.655048,-34.044245,V,2016,2,14,1,10,50
48500,18.679324,-34.037572,V,2016,2,14,1,20,0
48502,18.681211,-34.041967,V,2016,2,15,2,0,30
48504,18.653389,-34.036855,V,2016,2,16,3,19,0
48506,18.661262,-34.051209,V,2016,2,16,3,21,30
48508,18.662224,-34.038772,V,2016,2,16,3,21,40
48510,18.657465,-34.033273,V,2016,2,17,4,5,40
48512,18.662195,-34.056091,V,2016,2,17,4,6,30
48514,18.659572,-34.058572,V,2016,2,17,4,16,30
48516,18.672693,-34.047578,P,2016,2,18,5,9,0
48517,18.68017,-34.042496,V,2016,2,18,5,9,30
48520,18.660486,-34.043526,V,2016,2,18,5,13,0
48522,18.660634,-34.043479,V,2016,2,18,5,13,0
48524,18.670431,-34.037383,V,2016,2,19,6,6,25
48526,18.661202,-34.058557,V,2016,2,19,6,12,30
48528,18.669398,-34.041322,V,2016,2,20,7,15,30
48530,18.673726,-34.029473,V,2016,2,21,1,21,30
48532,18.653857,-34.037825,V,2016,2,21,1,22,40
48533,18.660018,-34.045723,V,2016,2,22,2,7,35
48536,18.651956,-34.018607,V,2016,2,22,2,13,40
48538,18.68312,-34.041542,V,2016,2,23,3,11,10
48540,18.668168,-34.042803,P,2016,2,23,3,13,30
48542,18.672164,-34.042042,V,2016,2,23,3,18,0
48544,18.672954,-34.031494,V,2016,2,24,4,5,30
48546,18.675184,-34.035536,P,2016,2,25,5,13,0
48547,18.658727,-34.035222,V,2016,2,25,5,23,10
48550,18.66422,-34.040149,V,2016,2,26,6,10,15
48551,18.662684,-34.046188,V,2016,2,26,6,21,0
48554,18.670672,-34.036918,V,2016,2,27,7,1,0
48555,18.667471,-34.050467,V,2016,2,27,7,2,15
48558,18.655821,-34.043063,V,2016,2,27,7,18,45
48559,18.661294,-34.050827,V,2016,2,28,1,1,0
48562,18.658169,-34.042098,V,2016,2,28,1,1,50
48564,18.653685,-34.033076,V,2016,2,28,1,18,40
48566,18.655425,-34.052766,V,2016,2,28,1,18,40
48567,18.653812,-34.03313,V,2016,2,28,1,19,0
48570,18.668772,-34.03595,V,2016,2,28,1,23,0
48572,18.656008,-34.042245,P,2016,2,29,2,0,20
48573,18.660569,-34.046213,V,2016,2,29,2,6,10
48576,18.662507,-34.046118,V,2016,2,29,2,6,10
48578,18.667976,-34.037639,V,2016,2,29,2,13,0
48580,18.655199,-34.038062,V,2016,2,29,2,19,0
48582,18.66136,-34.04659,P,2016,3,1,3,6,30
48583,18.65354,-34.037911,V,2016,3,1,3,10,40
48586,18.670508,-34.04793,P,2016,3,2,4,6,40
48587,18.678751,-34.043669,V,2016,3,2,4,12,30
48589,18.671853,-34.048707,V,2016,3,2,4,14,0
48592,18.669575,-34.04298,V,2016,3,2,4,15,0
48594,18.660813,-34.037243,V,2016,3,2,4,15,0
48596,18.654667,-34.017443,V,2016,3,2,4,21,50
48597,18.655178,-34.038454,V,2016,3,2,4,23,30
48599,18.660476,-34.043498,V,2016,3,3,5,6,30
48602,18.661653,-34.031179,V,2016,3,3,5,8,30
48604,18.660816,-34.044616,V,2016,3,3,5,16,0
48606,18.651956,-34.018531,S,2016,3,3,5,21,15
48608,18.679503,-34.040294,V,2016,3,4,6,8,15
48609,18.679047,-34.040397,V,2016,3,4,6,8,15
48612,18.658034,-34.043239,V,2016,3,4,6,13,0
48614,18.66458,-34.04807,S,2016,3,4,6,21,45
48616,18.656405,-34.044848,V,2016,3,4,6,23,55
48618,18.661542,-34.04429,V,2016,3,5,7,10,20
48620,18.677443,-34.040302,S,2016,3,5,7,16,15
48622,18.669654,-34.049523,V,2016,3,5,7,21,0
48624,18.655211,-34.043151,V,2016,3,5,7,21,0
48626,18.655199,-34.038439,V,2016,3,5,7,21,10
48627,18.65653,-34.05285,V,2016,3,6,1,1,0
48630,18.651956,-34.018607,V,2016,3,6,1,6,0
48632,18.667618,-34.036123,V,2016,3,6,1,6,10
48634,18.674295,-34.031176,V,2016,3,6,1,6,40
48636,18.668535,-34.033688,V,2016,3,6,1,19,20
48637,18.673132,-34.043101,V,2016,3,6,1,21,50
48640,18.658821,-34.037825,V,2016,3,6,1,22,10
48642,18.663872,-34.043276,V,2016,3,7,2,2,49
48644,18.66403,-34.031816,V,2016,3,7,2,20,55
48646,18.663189,-34.042183,P,2016,3,7,2,21,30
48648,18.673856,-34.029463,S,2016,3,8,3,15,0
48650,18.672241,-34.049599,V,2016,3,8,3,18,30
48652,18.670233,-34.044397,V,2016,3,8,3,21,0
48654,18.665097,-34.038545,P,2016,3,9,4,1,45
48656,18.66642,-34.04924,P,2016,3,9,4,5,10
48658,18.664183,-34.041852,P,2016,3,9,4,7,0
48660,18.667637,-34.036133,V,2016,3,9,4,19,0
48662,18.670389,-34.050174,V,2016,3,10,5,9,15
48664,18.66717,-34.04752,P,2016,3,11,6,2,20
48666,18.677491,-34.036686,V,2016,3,11,6,3,0
48668,18.652258,-34.018305,V,2016,3,11,6,4,30
48670,18.661772,-34.045918,V,2016,3,11,6,9,35
48672,18.657471,-34.044577,V,2016,3,11,6,11,30
48674,18.66458,-34.04807,P,2016,3,11,6,12,45
48676,18.672816,-34.039777,V,2016,3,11,6,15,15
48677,18.672014,-34.049901,V,2016,3,11,6,17,0
48680,18.671864,-34.049901,P,2016,3,11,6,17,0
48682,18.651654,-34.018531,V,2016,3,12,7,10,0
48684,18.657008,-34.043039,S,2016,3,12,7,13,0
48685,18.664677,-34.043395,V,2016,3,12,7,14,0
48688,18.653615,-34.039645,V,2016,3,12,7,20,10
48690,18.67075,-34.031166,V,2016,3,12,7,20,30
48692,18.683162,-34.041676,V,2016,3,12,7,21,50
48694,18.652182,-34.01823,V,2016,3,12,7,23,10
48695,18.671732,-34.041568,V,2016,3,12,7,23,20
48698,18.655672,-34.045093,V,2016,3,13,1,0,40
48700,18.671034,-34.030987,V,2016,3,13,1,7,30
48702,18.65791,-34.04927,V,2016,3,13,1,13,40
48704,18.656958,-34.052153,V,2016,3,13,1,16,25
48706,18.66477,-34.030302,S,2016,3,13,1,20,30
48708,18.678924,-34.038242,V,2016,3,13,1,23,30
48710,18.654248,-34.017424,V,2016,3,14,2,0,0
48712,18.667131,-34.036279,V,2016,3,14,2,19,15
48714,18.65522,-34.051093,V,2016,3,16,4,4,45
48716,18.671788,-34.030219,V,2016,3,16,4,16,30
48717,18.671705,-34.032383,V,2016,3,16,4,16,30
48720,18.654993,-34.038643,P,2016,3,17,5,10,30
48722,18.680438,-34.04508,V,2016,3,18,6,11,30
48724,18.65594,-34.04878,P,2016,3,18,6,17,30
48726,18.664555,-34.039554,V,2016,3,19,7,16,10
48728,18.656074,-34.043356,V,2016,3,19,7,19,0
48730,18.654369,-34.032029,V,2016,3,19,7,22,15
48732,18.658196,-34.053203,V,2016,3,19,7,22,40
48734,18.658848,-34.043991,V,2016,3,19,7,22,45
48736,18.660222,-34.052249,V,2016,3,19,7,23,45
48737,18.662815,-34.036629,V,2016,3,20,1,0,15
48740,18.656933,-34.038062,V,2016,3,20,1,1,30
48742,18.667665,-34.036226,V,2016,3,20,1,15,30
48744,18.656815,-34.035817,V,2016,3,20,1,17,30
48746,18.660501,-34.044437,V,2016,3,20,1,18,15
48747,18.673044,-34.031651,V,2016,3,20,1,20,35
48750,18.677811,-34.040381,V,2016,3,20,1,21,21
48752,18.673975,-34.029993,V,2016,3,20,1,22,10
48754,18.67761,-34.040265,V,2016,3,21,2,1,10
48755,18.662842,-34.046279,V,2016,3,21,2,15,0
48757,18.662842,-34.046279,V,2016,3,21,2,15,0
48760,18.670757,-34.029734,V,2016,3,21,2,16,26
48762,18.679303,-34.03761,V,2016,3,21,2,20,0
48764,18.659572,-34.058874,V,2016,3,21,2,21,9
48765,18.67987,-34.043059,V,2016,3,21,2,21,30
48767,18.67409,-34.04121,V,2016,3,22,3,0,0
48770,18.670638,-34.037008,S,2016,3,23,4,4,45
48772,18.675156,-34.04231,V,2016,3,23,4,9,0
48774,18.65606,-34.05159,V,2016,3,23,4,13,40
48775,18.673938,-34.035423,V,2016,3,23,4,15,30
48778,18.658196,-34.053203,V,2016,3,23,4,21,15
48780,18.66456,-34.043138,P,2016,3,24,5,15,0
48781,18.679651,-34.03964,V,2016,3,25,6,10,30
48784,18.673349,-34.032792,V,2016,3,25,6,13,30
48786,18.659648,-34.058497,V,2016,3,25,6,14,0
48788,18.680309,-34.04138,V,2016,3,25,6,19,50
48789,18.66918,-34.0418,V,2016,3,25,6,20,0
48792,18.683572,-34.043333,V,2016,3,25,6,22,0
48793,18.664931,-34.038842,V,2016,3,26,7,1,0
48796,18.654595,-34.038137,V,2016,3,26,7,8,15
48797,18.668284,-34.047362,V,2016,3,26,7,17,15
48800,18.665362,-34.045063,V,2016,3,27,1,22,50
48802,18.66416,-34.031993,V,2016,3,28,2,1,20
48804,18.659572,-34.058648,V,2016,3,28,2,7,15
48806,18.657777,-34.040248,V,2016,3,28,2,13,0
48808,18.680021,-34.04231,V,2016,3,29,3,5,45
48810,18.660835,-34.046814,V,2016,3,29,3,6,5
48812,18.677909,-34.038195,V,2016,3,29,3,12,0
48814,18.677909,-34.038195,V,2016,3,29,3,12,0
48815,18.65354,-34.038439,V,2016,3,29,3,12,5
48818,18.673124,-34.033265,V,2016,3,30,4,11,30
48820,18.681749,-34.043799,V,2016,3,30,4,14,40
48822,18.653758,-34.03673,S,2016,3,30,4,16,0
48823,18.671969,-34.049373,V,2016,3,30,4,16,0
48826,18.65956,-34.040049,P,2016,3,30,4,21,10
48828,18.659497,-34.058723,S,2016,3,30,4,23,0
48830,18.683511,-34.042021,V,2016,3,31,5,1,20
64686,18.693249,-34.058631,V,2016,1,1,6,20,30
64687,18.699252,-34.040136,S,2016,1,1,6,20,0
64688,18.676221,-34.048799,V,2016,1,1,6,19,20
64689,18.699415,-34.051742,V,2016,1,1,6,12,30
64690,18.696435,-34.04216,V,2016,1,1,6,9,30
64691,18.682169,-34.070371,V,2016,1,1,6,6,30
64692,18.712352,-34.053245,V,2016,1,1,6,6,20
64693,18.677649,-34.062099,V,2016,1,1,6,15,20
64694,18.675285,-34.060899,V,2016,1,1,6,14,45
64695,18.712241,-34.05614,V,2016,1,1,6,11,15
64696,18.665866,-34.054053,V,2016,1,1,6,1,42
64697,18.685758,-34.043371,V,2016,1,1,6,0,30
64698,18.696803,-34.050212,V,2016,1,1,6,0,20
64699,18.686596,-34.041855,V,2016,1,1,6,21,30
64700,18.673265,-34.054544,V,2016,1,1,6,20,35
64701,18.685275,-34.042952,V,2016,1,1,6,20,30
64702,18.700217,-34.048231,V,2016,1,1,6,19,35
64703,18.701883,-34.049207,V,2016,1,1,6,18,30
64704,18.673907,-34.054404,V,2016,1,1,6,10,15
64705,18.684865,-34.062485,V,2016,1,1,6,6,30
64706,18.68093,-34.057527,V,2016,1,1,6,4,0
64707,18.666238,-34.05263,V,2016,1,1,6,2,45
64708,18.667029,-34.054016,V,2016,1,1,6,1,45
64709,18.692569,-34.048984,V,2016,1,2,7,6,15
64710,18.707283,-34.053875,V,2016,1,2,7,20,30
64711,18.708784,-34.044291,V,2016,1,2,7,22,1
64712,18.711837,-34.044644,V,2016,1,2,7,20,20
64713,18.683788,-34.071739,V,2016,1,2,7,18,45
64714,18.703561,-34.040442,V,2016,1,2,7,9,0
64715,18.680801,-34.071162,V,2016,1,2,7,2,0
64716,18.708704,-34.049325,V,2016,1,3,1,20,0
64717,18.708671,-34.040534,V,2016,1,3,1,21,21
64718,18.699294,-34.052802,V,2016,1,3,1,5,30
64719,18.668925,-34.054314,S,2016,1,3,1,3,0
64720,18.710653,-34.050097,S,2016,1,3,1,3,0
64721,18.671209,-34.057763,V,2016,1,3,1,3,0
64722,18.71072,-34.052457,V,2016,1,3,1,21,40
64723,18.669475,-34.053137,V,2016,1,3,1,20,15
64724,18.668925,-34.054314,V,2016,1,3,1,3,0
64725,18.71137,-34.049446,S,2016,1,4,2,11,0
64726,18.708205,-34.041334,V,2016,1,4,2,18,0
64727,18.696956,-34.043063,V,2016,1,4,2,21,10
64728,18.712764,-34.047011,V,2016,1,4,2,20,30
64729,18.71123,-34.049911,V,2016,1,4,2,5,15
64730,18.696658,-34.04177,P,2016,1,4,2,10,30
64731,18.693343,-34.064282,V,2016,1,4,2,0,30
64732,18.712736,-34.046946,V,2016,1,5,3,20,10
64733,18.678947,-34.054868,V,2016,1,5,3,7,45
64734,18.69992,-34.04811,P,2016,1,5,3,22,25
64735,18.712801,-34.046871,P,2016,1,5,3,3,0
64736,18.673284,-34.054516,V,2016,1,6,4,16,0
64737,18.710653,-34.049986,V,2016,1,6,4,7,15
64738,18.694414,-34.059418,P,2016,1,6,4,14,0
64739,18.703996,-34.038167,V,2016,1,6,4,23,30
64740,18.682274,-34.056899,V,2016,1,6,4,12,15
64741,18.687926,-34.041855,V,2016,1,7,5,13,0
64742,18.712838,-34.047029,V,2016,1,7,5,7,0
64743,18.712931,-34.046946,V,2016,1,7,5,14,10
64744,18.682009,-34.056922,V,2016,1,7,5,17,24
64745,18.677667,-34.062099,V,2016,1,7,5,23,15
64746,18.670744,-34.058005,V,2016,1,7,5,21,10
64747,18.664225,-34.054888,V,2016,1,8,6,7,15
64748,18.671051,-34.05753,V,2016,1,8,6,11,40
64749,18.683191,-34.046553,P,2016,1,8,6,3,50
64750,18.678565,-34.048586,V,2016,1,8,6,23,0
64751,18.710629,-34.055549,S,2016,1,9,7,3,0
64752,18.68587,-34.04339,V,2016,1,9,7,15,0
64753,18.678656,-34.047866,V,2016,1,9,7,8,30
64754,18.691262,-34.04992,V,2016,1,9,7,20,15
64755,18.664058,-34.055818,V,2016,1,9,7,16,30
64756,18.692132,-34.04877,V,2016,1,10,1,2,15
64757,18.710551,-34.050377,V,2016,1,10,1,22,0
64758,18.699995,-34.043493,V,2016,1,10,1,23,0
64759,18.677528,-34.05754,V,2016,1,10,1,22,20
64760,18.675765,-34.071632,V,2016,1,10,1,22,15
64761,18.680444,-34.052564,V,2016,1,10,1,16,45
64762,18.687521,-34.049841,V,2016,1,10,1,14,50
64763,18.709607,-34.049614,V,2016,1,10,1,9,35
64764,18.692132,-34.04877,V,2016,1,10,1,2,15
64765,18.667422,-34.058079,V,2016,1,10,1,14,0
64766,18.689859,-34.057285,V,2016,1,10,1,13,10
64767,18.702763,-34.052028,V,2016,1,10,1,11,45
64768,18.685135,-34.043594,V,2016,1,11,2,0,5
64769,18.694325,-34.050112,V,2016,1,11,2,14,0
64770,18.710737,-34.050209,V,2016,1,11,2,0,1
64771,18.680444,-34.052471,V,2016,1,12,3,10,10
64772,18.710239,-34.056544,S,2016,1,12,3,12,0
64773,18.675598,-34.071436,V,2016,1,12,3,12,30
64774,18.707554,-34.041361,V,2016,1,12,3,7,50
64775,18.693229,-34.057878,V,2016,1,12,3,17,15
64776,18.710183,-34.056563,V,2016,1,13,4,13,40
64777,18.694096,-34.058529,V,2016,1,13,4,7,30
64778,18.691946,-34.049236,V,2016,1,13,4,18,20
64779,18.680406,-34.052555,V,2016,1,13,4,11,15
64780,18.693871,-34.058232,V,2016,1,13,4,5,0
64781,18.708919,-34.059434,V,2016,1,13,4,22,30
64782,18.695864,-34.050482,V,2016,1,14,5,8,7
64783,18.714833,-34.049014,V,2016,1,14,5,6,30
64784,18.685481,-34.071875,V,2016,1,15,6,14,15
64785,18.677481,-34.062034,V,2016,1,15,6,11,50
64786,18.689814,-34.045918,V,2016,1,15,6,22,0
64787,18.678002,-34.063039,V,2016,1,15,6,10,30
64788,18.710192,-34.056535,V,2016,1,16,7,22,10
64789,18.712792,-34.046908,S,2016,1,16,7,16,0
64790,18.683071,-34.071944,V,2016,1,16,7,22,42
64791,18.683071,-34.071944,V,2016,1,16,7,22,40
64792,18.701866,-34.046883,V,2016,1,16,7,2,45
64793,18.668498,-34.054449,V,2016,1,16,7,20,30
64794,18.715801,-34.049563,V,2016,1,16,7,8,0
64795,18.702809,-34.051721,V,2016,1,16,7,19,10
64796,18.711676,-34.05312,V,2016,1,16,7,15,15
64797,18.687054,-34.063195,V,2016,1,16,7,22,0
64798,18.710588,-34.050135,V,2016,1,16,7,18,0
64799,18.685228,-34.041883,V,2016,1,16,7,17,35
64800,18.702775,-34.045862,S,2016,1,17,1,3,0
64801,18.702642,-34.05174,V,2016,1,17,1,21,5
64802,18.693229,-34.057971,V,2016,1,17,1,5,10
64803,18.685656,-34.043315,S,2016,1,17,1,17,30
64804,18.697502,-34.041207,V,2016,1,17,1,12,20
64805,18.675598,-34.071343,V,2016,1,17,1,9,20
64806,18.712699,-34.04689,P,2016,1,17,1,12,15
64807,18.707424,-34.041287,V,2016,1,17,1,20,40
64808,18.710541,-34.050107,V,2016,1,17,1,19,10
64809,18.693164,-34.057859,V,2016,1,17,1,3,30
64810,18.705022,-34.043431,V,2016,1,18,2,15,10
64811,18.702744,-34.051749,V,2016,1,18,2,20,10
64812,18.702819,-34.051712,V,2016,1,18,2,23,29
64813,18.712671,-34.046834,V,2016,1,18,2,18,15
64814,18.681781,-34.054038,V,2016,1,18,2,13,30
64815,18.693726,-34.049938,V,2016,1,18,2,10,15
64816,18.681036,-34.059832,V,2016,1,18,2,6,30
64817,18.711873,-34.040719,P,2016,1,18,2,16,40
64818,18.693975,-34.049514,V,2016,1,18,2,12,0
64819,18.694411,-34.059111,V,2016,1,18,2,6,43
64820,18.67333,-34.05459,V,2016,1,18,2,1,20
64821,18.684846,-34.062373,V,2016,1,19,3,4,55
64822,18.710229,-34.056489,V,2016,1,19,3,15,35
64823,18.66732,-34.058135,V,2016,1,20,4,15,35
64824,18.675756,-34.07139,V,2016,1,20,4,13,0
64825,18.668396,-34.054588,V,2016,1,20,4,5,30
64826,18.710363,-34.047706,V,2016,1,20,4,21,40
64827,18.702861,-34.038399,V,2016,1,21,5,12,30
64828,18.697678,-34.049766,V,2016,1,21,5,18,0
64829,18.675709,-34.071176,V,2016,1,21,5,17,30
64830,18.687102,-34.050204,V,2016,1,22,6,6,0
64831,18.714917,-34.053424,V,2016,1,22,6,23,50
64832,18.704322,-34.037953,V,2016,1,22,6,16,10
64833,18.693136,-34.058138,V,2016,1,22,6,1,45
64834,18.686549,-34.054062,V,2016,1,22,6,14,15
64835,18.663295,-34.05606,V,2016,1,22,6,5,15
64836,18.678519,-34.055156,V,2016,1,22,6,4,30
64837,18.715159,-34.053182,V,2016,1,22,6,20,10
64838,18.683588,-34.064197,V,2016,1,22,6,19,14
64839,18.678226,-34.057354,V,2016,1,22,6,3,0
64840,18.663332,-34.055874,V,2016,1,23,7,7,30
64841,18.680638,-34.055063,V,2016,1,23,7,22,25
64842,18.712066,-34.046695,V,2016,1,23,7,23,15
64843,18.686474,-34.053737,V,2016,1,23,7,23,10
64844,18.715261,-34.051489,V,2016,1,23,7,21,30
64845,18.704192,-34.038083,V,2016,1,23,7,20,45
64846,18.711977,-34.044783,V,2016,1,23,7,19,15
64847,18.713527,-34.045185,V,2016,1,23,7,17,0
64848,18.679532,-34.050852,V,2016,1,23,7,9,15
64849,18.697315,-34.050631,P,2016,1,23,7,20,20
64850,18.697241,-34.050259,V,2016,1,23,7,7,10
64851,18.682645,-34.060461,S,2016,1,24,1,21,6
64852,18.683045,-34.060349,S,2016,1,24,1,21,0
64853,18.682645,-34.060461,S,2016,1,24,1,18,56
64854,18.707103,-34.054879,V,2016,1,24,1,2,25
64855,18.693117,-34.057905,V,2016,1,24,1,21,15
64856,18.693173,-34.057831,V,2016,1,24,1,2,30
64857,18.682645,-34.060461,V,2016,1,24,1,21,0
64858,18.680396,-34.054876,V,2016,1,24,1,11,10
64859,18.710713,-34.056442,V,2016,1,24,1,5,30
64860,18.676402,-34.063541,V,2016,1,24,1,0,30
64861,18.708375,-34.053383,V,2016,1,24,1,20,0
64862,18.674316,-34.053837,V,2016,1,24,1,14,10
64863,18.693117,-34.057905,P,2016,1,24,1,21,15
64864,18.696999,-34.049756,P,2016,1,24,1,0,30
64865,18.699006,-34.052672,V,2016,1,24,1,20,0
64866,18.674492,-34.049842,V,2016,1,25,2,7,30
64867,18.692896,-34.058882,V,2016,1,25,2,5,20
64868,18.680384,-34.048764,V,2016,1,25,2,21,30
64869,18.709045,-34.053122,V,2016,1,25,2,10,50
64870,18.681257,-34.047022,V,2016,1,25,2,15,15
64871,18.714647,-34.053601,V,2016,1,25,2,22,0
64872,18.717271,-34.049851,V,2016,1,25,2,19,15
64873,18.714833,-34.053238,V,2016,1,25,2,16,0
64874,18.676165,-34.071315,V,2016,1,26,3,7,30
64875,18.712401,-34.047178,V,2016,1,26,3,23,30
64876,18.677954,-34.052174,V,2016,1,26,3,5,45
64877,18.710514,-34.037531,V,2016,1,26,3,21,25
64878,18.695008,-34.049988,V,2016,1,26,3,19,10
64879,18.677295,-34.062257,V,2016,1,26,3,10,30
64880,18.678114,-34.056944,V,2016,1,27,4,14,0
64881,18.711387,-34.046629,V,2016,1,27,4,10,50
64882,18.677603,-34.057549,V,2016,1,27,4,8,10
64883,18.689963,-34.046216,V,2016,1,27,4,5,45
64884,18.680275,-34.055267,V,2016,1,27,4,5,5
64885,18.678416,-34.055389,V,2016,1,27,4,5,5
64886,18.699829,-34.045842,V,2016,1,27,4,5,55
64887,18.67763,-34.062499,V,2016,1,28,5,21,45
64888,18.685451,-34.042515,P,2016,1,28,5,7,30
64889,18.691629,-34.049236,V,2016,1,28,5,21,15
64890,18.694138,-34.04985,P,2016,1,28,5,23,10
64891,18.680481,-34.052574,V,2016,1,29,6,10,0
64892,18.681075,-34.050945,V,2016,1,29,6,22,33
64893,18.711483,-34.055399,V,2016,1,29,6,11,0
64894,18.683697,-34.044954,V,2016,1,29,6,23,30
64895,18.700507,-34.047135,V,2016,1,29,6,22,15
64896,18.708845,-34.059722,V,2016,1,29,6,23,40
64897,18.692431,-34.064431,V,2016,1,29,6,21,50
64898,18.693489,-34.056871,V,2016,1,29,6,22,30
64899,18.685498,-34.043231,V,2016,1,29,6,21,30
64900,18.709241,-34.051045,V,2016,1,29,6,21,0
64901,18.683173,-34.046507,V,2016,1,29,6,20,15
64902,18.71421,-34.052428,P,2016,1,29,6,2,20
64903,18.668517,-34.054477,S,2016,1,30,7,12,0
64904,18.681479,-34.057453,V,2016,1,30,7,13,35
64905,18.709982,-34.048404,V,2016,1,30,7,8,10
64906,18.7111,-34.049995,V,2016,1,30,7,0,40
64907,18.673362,-34.053555,V,2016,1,30,7,4,20
64908,18.689393,-34.057127,V,2016,1,30,7,19,10
64909,18.715457,-34.050307,V,2016,1,30,7,1,0
64910,18.675732,-34.063411,V,2016,1,30,7,23,43
64911,18.709189,-34.058801,V,2016,1,30,7,23,30
64912,18.671237,-34.058116,V,2016,1,30,7,23,0
64913,18.668424,-34.054542,V,2016,1,30,7,22,30
64914,18.69712,-34.050584,V,2016,1,30,7,21,40
64915,18.666934,-34.058079,V,2016,1,30,7,21,30
64916,18.70877,-34.059992,V,2016,1,30,7,18,35
64917,18.694617,-34.050286,V,2016,1,30,7,15,15
64918,18.708891,-34.059462,V,2016,1,30,7,13,0
64919,18.709152,-34.059443,V,2016,1,30,7,9,30
64920,18.677765,-34.048828,S,2016,1,31,1,16,0
64921,18.669019,-34.071439,V,2016,1,31,1,5,0
64922,18.693629,-34.05771,V,2016,1,31,1,3,10
64923,18.699423,-34.049797,V,2016,1,31,1,2,15
64924,18.679306,-34.061009,V,2016,1,31,1,21,0
64925,18.66998,-34.053212,V,2016,1,31,1,20,15
64926,18.686698,-34.041566,V,2016,1,31,1,18,40
64927,18.693463,-34.058826,V,2016,1,31,1,18,20
64928,18.685423,-34.043055,V,2016,1,31,1,0,30
64929,18.675965,-34.063216,V,2016,1,31,1,20,15
64930,18.677274,-34.057307,V,2016,1,31,1,13,15
64931,18.714545,-34.049433,V,2016,1,31,1,7,40
64932,18.670576,-34.059151,V,2016,1,31,1,2,0
64933,18.677422,-34.070171,V,2016,2,1,2,4,40
64934,18.677984,-34.057233,V,2016,2,1,2,15,5
64935,18.693124,-34.055378,S,2016,2,1,2,10,0
64936,18.679614,-34.060132,S,2016,2,1,2,9,0
64937,18.675784,-34.071297,V,2016,2,1,2,6,20
64938,18.706126,-34.043712,V,2016,2,1,2,3,40
64939,18.67085,-34.053208,V,2016,2,1,2,19,30
64940,18.670947,-34.056209,V,2016,2,1,2,18,0
64941,18.66123,-34.058604,V,2016,2,1,2,9,20
64942,18.710553,-34.051882,V,2016,2,1,2,7,35
64943,18.687994,-34.058692,P,2016,2,1,2,12,24
64944,18.688357,-34.058896,P,2016,2,1,2,12,0
64945,18.711146,-34.049716,V,2016,2,1,2,21,15
64946,18.685051,-34.043529,S,2016,2,2,3,0,0
64947,18.709077,-34.059369,V,2016,2,2,3,3,15
64948,18.675625,-34.056973,V,2016,2,2,3,21,15
64949,18.686121,-34.053727,P,2016,2,2,3,20,30
64950,18.692029,-34.04918,V,2016,2,2,3,14,15
64951,18.663351,-34.055818,V,2016,2,2,3,7,10
64952,18.678226,-34.062481,V,2016,2,3,4,23,0
64953,18.706508,-34.038436,V,2016,2,3,4,7,5
64954,18.67993,-34.059863,V,2016,2,3,4,5,45
64955,18.668264,-34.055096,V,2016,2,3,4,20,45
64956,18.700796,-34.046679,V,2016,2,3,4,6,45
64957,18.68601,-34.042143,P,2016,2,3,4,19,15
64958,18.700723,-34.049764,V,2016,2,3,4,13,0
64959,18.67319,-34.054544,V,2016,2,4,5,12,15
64960,18.678291,-34.062416,V,2016,2,4,5,19,10
64961,18.689814,-34.046048,V,2016,2,4,5,7,0
64962,18.695236,-34.051601,V,2016,2,4,5,4,50
64963,18.693472,-34.057663,V,2016,2,4,5,18,45
64964,18.69458,-34.057784,V,2016,2,4,5,18,30
64965,18.693043,-34.057831,V,2016,2,4,5,17,20
64966,18.684039,-34.047499,V,2016,2,4,5,16,20
64967,18.688422,-34.058952,V,2016,2,4,5,7,0
64968,18.679807,-34.063791,P,2016,2,4,5,2,0
64969,18.700359,-34.063193,P,2016,2,4,5,0,30
64970,18.675691,-34.071324,V,2016,2,4,5,21,30
64971,18.683818,-34.060154,V,2016,2,5,6,21,15
64972,18.681088,-34.057657,V,2016,2,5,6,15,0
64973,18.679921,-34.060795,V,2016,2,5,6,6,30
64974,18.71038,-34.040456,V,2016,2,5,6,23,30
64975,18.714508,-34.052949,V,2016,2,5,6,22,30
64976,18.709496,-34.057852,V,2016,2,5,6,21,10
64977,18.709421,-34.049251,V,2016,2,5,6,20,20
64978,18.711388,-34.050014,V,2016,2,5,6,13,30
64979,18.678975,-34.054895,V,2016,2,5,6,7,15
64980,18.702949,-34.051879,V,2016,2,6,7,22,0
64981,18.70267,-34.051805,V,2016,2,6,7,22,0
64982,18.691871,-34.049189,V,2016,2,6,7,21,0
64983,18.694939,-34.051824,V,2016,2,6,7,14,45
64984,18.710802,-34.050423,V,2016,2,6,7,14,15
64985,18.710607,-34.050144,V,2016,2,6,7,14,0
64986,18.709215,-34.055419,P,2016,2,6,7,2,10
64987,18.6801,-34.063491,P,2016,2,6,7,4,0
64988,18.707159,-34.058191,P,2016,2,6,7,2,30
64989,18.695032,-34.05175,V,2016,2,6,7,20,30
64990,18.695143,-34.051666,V,2016,2,6,7,9,30
64991,18.675071,-34.062983,V,2016,2,6,7,0,30
64992,18.707629,-34.041278,V,2016,2,7,1,13,30
64993,18.675616,-34.071027,V,2016,2,7,1,18,30
64994,18.675793,-34.071501,V,2016,2,7,1,16,0
64995,18.70395,-34.038167,V,2016,2,7,1,14,30
64996,18.695134,-34.051517,V,2016,2,7,1,11,0
64997,18.696831,-34.04998,V,2016,2,7,1,14,0
64998,18.685805,-34.054202,V,2016,2,7,1,7,0
64999,18.680462,-34.052639,V,2016,2,7,1,4,0
65000,18.677923,-34.049005,V,2016,2,8,2,5,3
65001,18.677625,-34.048772,V,2016,2,8,2,5,3
65002,18.693155,-34.057896,V,2016,2,8,2,21,0
65003,18.702673,-34.054309,V,2016,2,8,2,16,0
65004,18.675625,-34.071157,P,2016,2,8,2,13,30
65005,18.675774,-34.071483,V,2016,2,8,2,21,0
65006,18.685842,-34.043464,V,2016,2,8,2,20,20
65007,18.688566,-34.05658,V,2016,2,9,3,13,0
65008,18.688673,-34.06205,V,2016,2,9,3,4,30
65009,18.710155,-34.056638,V,2016,2,9,3,12,15
65010,18.67664,-34.049943,V,2016,2,10,4,17,40
65011,18.674567,-34.05261,V,2016,2,10,4,18,15
65012,18.67543,-34.071259,P,2016,2,10,4,3,0
65013,18.712783,-34.046918,P,2016,2,10,4,14,45
65014,18.677714,-34.05767,V,2016,2,11,5,21,22
65015,18.680537,-34.052713,V,2016,2,11,5,5,20
65016,18.677714,-34.05767,V,2016,2,11,5,21,0
65017,18.682232,-34.05975,P,2016,2,11,5,9,15
65018,18.69906,-34.049434,V,2016,2,11,5,21,15
65019,18.673349,-34.054609,V,2016,2,11,5,13,30
65020,18.675584,-34.059293,V,2016,2,12,6,4,30
65021,18.675304,-34.063476,S,2016,2,12,6,1,30
65022,18.709337,-34.049065,V,2016,2,12,6,22,15
65023,18.716006,-34.049246,V,2016,2,12,6,22,40
65024,18.687275,-34.042255,V,2016,2,12,6,20,0
65025,18.696461,-34.050189,V,2016,2,12,6,6,50
65026,18.710267,-34.056731,V,2016,2,12,6,16,0
65027,18.68063,-34.051466,V,2016,2,13,7,9,20
65028,18.685061,-34.043464,V,2016,2,13,7,22,30
65029,18.681417,-34.037098,V,2016,2,13,7,19,30
65030,18.663224,-34.058015,V,2016,2,13,7,18,30
65031,18.695004,-34.051675,V,2016,2,13,7,23,40
65032,18.695004,-34.05148,V,2016,2,13,7,23,10
65033,18.693119,-34.058296,V,2016,2,13,7,21,40
65034,18.71127,-34.057513,V,2016,2,13,7,18,50
65035,18.685647,-34.04179,V,2016,2,13,7,18,30
65036,18.704182,-34.038176,V,2016,2,13,7,18,10
65037,18.680783,-34.05372,V,2016,2,13,7,15,10
65038,18.711819,-34.044457,V,2016,2,13,7,11,15
65039,18.700686,-34.049755,P,2016,2,13,7,12,15
65040,18.679593,-34.061309,P,2016,2,13,7,0,5
65041,18.678286,-34.055137,V,2016,2,13,7,18,20
65042,18.701509,-34.049127,V,2016,2,13,7,6,20
65043,18.713238,-34.046946,V,2016,2,13,7,5,30
65044,18.67926,-34.059863,V,2016,2,13,7,2,0
65045,18.71123,-34.049697,V,2016,2,14,1,18,0
65046,18.671695,-34.052238,S,2016,2,14,1,3,0
65047,18.694976,-34.051787,S,2016,2,14,1,0,30
65048,18.675719,-34.071511,V,2016,2,14,1,8,34
65049,18.697623,-34.041207,V,2016,2,14,1,0,25
65050,18.695668,-34.042247,V,2016,2,14,1,20,15
65051,18.668572,-34.054449,V,2016,2,14,1,14,0
65052,18.667264,-34.058517,V,2016,2,14,1,1,20
65053,18.680883,-34.05776,P,2016,2,14,1,12,0
65054,18.710734,-34.057182,V,2016,2,14,1,20,45
65055,18.688742,-34.05645,V,2016,2,14,1,11,0
65056,18.669732,-34.054212,V,2016,2,14,1,0,30
65057,18.693296,-34.058389,V,2016,2,15,2,7,30
65058,18.685126,-34.043324,V,2016,2,15,2,9,45
65059,18.68093,-34.057611,V,2016,2,15,2,11,30
65060,18.68574,-34.042059,V,2016,2,15,2,18,20
65061,18.696383,-34.045737,V,2016,2,15,2,16,50
65062,18.702834,-34.064747,V,2016,2,16,3,10,40
65063,18.688965,-34.056329,V,2016,2,16,3,21,10
65064,18.698967,-34.049056,V,2016,2,16,3,8,0
65065,18.693822,-34.055555,V,2016,2,16,3,4,30
65066,18.690019,-34.046113,V,2016,2,16,3,14,0
65067,18.675952,-34.053002,P,2016,2,16,3,20,0
65068,18.681268,-34.061253,P,2016,2,16,3,0,30
65069,18.681984,-34.036875,V,2016,2,17,4,20,0
65070,18.676095,-34.062071,P,2016,2,17,4,21,30
65071,18.714131,-34.045225,P,2016,2,17,4,0,25
65072,18.681432,-34.057462,V,2016,2,18,5,13,30
65073,18.677454,-34.056544,V,2016,2,18,5,15,0
65074,18.666921,-34.059728,P,2016,2,18,5,12,45
65075,18.712717,-34.046964,V,2016,2,19,6,20,0
65076,18.701032,-34.039682,V,2016,2,19,6,21,20
65077,18.676588,-34.06235,V,2016,2,19,6,23,0
65078,18.678121,-34.061228,V,2016,2,19,6,22,45
65079,18.701032,-34.039682,V,2016,2,19,6,21,15
65080,18.697605,-34.041161,V,2016,2,19,6,20,0
65081,18.71022,-34.056591,V,2016,2,19,6,6,40
65082,18.678872,-34.055389,V,2016,2,19,6,18,15
65083,18.685085,-34.054464,V,2016,2,19,6,17,15
65084,18.676141,-34.061755,P,2016,2,19,6,23,0
65085,18.682906,-34.051598,V,2016,2,19,6,17,30
65086,18.696331,-34.050227,V,2016,2,20,7,22,30
65087,18.692122,-34.049329,V,2016,2,20,7,20,0
65088,18.674941,-34.063458,V,2016,2,20,7,7,0
65089,18.696108,-34.054249,P,2016,2,20,7,2,15
65090,18.70314,-34.038567,V,2016,2,20,7,23,0
65091,18.711444,-34.05792,V,2016,2,20,7,21,0
65092,18.670216,-34.055699,V,2016,2,20,7,18,0
65093,18.710257,-34.056526,V,2016,2,21,1,6,5
65094,18.685926,-34.054276,V,2016,2,21,1,0,10
65095,18.675672,-34.071464,V,2016,2,21,1,20,30
65096,18.698513,-34.053026,V,2016,2,21,1,0,31
65097,18.698513,-34.053026,V,2016,2,21,1,0,30
65098,18.708299,-34.047854,V,2016,2,21,1,16,0
65099,18.700274,-34.045604,V,2016,2,21,1,0,13
65100,18.71151,-34.057828,V,2016,2,21,1,0,0
65101,18.696942,-34.043326,P,2016,2,21,1,8,47
65102,18.685061,-34.043455,V,2016,2,21,1,22,30
65103,18.710173,-34.056591,V,2016,2,21,1,8,0
65104,18.704154,-34.038176,V,2016,2,21,1,0,35
65105,18.685851,-34.054351,V,2016,2,21,1,0,0
65106,18.711972,-34.055113,V,2016,2,22,2,1,30
65107,18.669721,-34.051653,V,2016,2,22,2,16,30
65108,18.691104,-34.05045,S,2016,2,22,2,7,30
65109,18.688835,-34.056143,P,2016,2,22,2,7,45
65110,18.712464,-34.052743,V,2016,2,22,2,19,30
65111,18.708383,-34.0479,V,2016,2,23,3,11,45
65112,18.674718,-34.063439,V,2016,2,23,3,10,30
65113,18.677579,-34.048949,V,2016,2,23,3,17,45
65114,18.688091,-34.045917,V,2016,2,23,3,10,30
65115,18.68063,-34.052425,V,2016,2,23,3,21,0
65116,18.670446,-34.057577,V,2016,2,24,4,13,0
65117,18.680911,-34.057704,V,2016,2,24,4,16,0
65118,18.695905,-34.043128,V,2016,2,24,4,8,0
65119,18.670446,-34.057577,P,2016,2,24,4,13,0
65120,18.66998,-34.054208,V,2016,2,24,4,4,46
65121,18.680772,-34.057704,S,2016,2,25,5,23,0
65122,18.675588,-34.071511,V,2016,2,25,5,20,30
65123,18.678267,-34.055444,V,2016,2,25,5,12,30
65124,18.688723,-34.056254,V,2016,2,25,5,4,30
65125,18.680911,-34.057657,S,2016,2,25,5,23,0
65126,18.668405,-34.054151,V,2016,2,25,5,16,30
65127,18.710239,-34.056861,P,2016,2,25,5,13,30
65128,18.691871,-34.049161,V,2016,2,26,6,10,45
65129,18.695895,-34.043072,V,2016,2,26,6,23,45
65130,18.673528,-34.060456,V,2016,2,26,6,16,0
65131,18.700579,-34.050104,P,2016,2,26,6,20,20
65132,18.680837,-34.057546,P,2016,2,26,6,2,30
65133,18.675663,-34.071222,V,2016,2,27,7,11,0
65134,18.685972,-34.054453,V,2016,2,27,7,3,0
65135,18.673181,-34.054786,V,2016,2,27,7,2,0
65136,18.710322,-34.056628,V,2016,2,27,7,18,30
65137,18.67783,-34.048893,V,2016,2,27,7,10,30
65138,18.694231,-34.043068,V,2016,2,27,7,21,30
65139,18.695153,-34.051731,V,2016,2,27,7,21,30
65140,18.675486,-34.071585,V,2016,2,27,7,16,0
65141,18.688742,-34.056236,V,2016,2,27,7,1,0
65142,18.671265,-34.057707,V,2016,2,27,7,21,30
65143,18.698118,-34.042829,V,2016,2,27,7,13,58
65144,18.710053,-34.056712,V,2016,2,27,7,10,15
65145,18.695171,-34.051694,V,2016,2,27,7,7,0
65146,18.680958,-34.057481,V,2016,2,28,1,20,30
65147,18.681014,-34.057825,V,2016,2,28,1,17,10
65148,18.712,-34.054685,V,2016,2,28,1,16,30
65149,18.670985,-34.0554,V,2016,2,28,1,4,15
65150,18.71069,-34.050265,V,2016,2,28,1,23,30
65151,18.708819,-34.042515,V,2016,2,28,1,9,45
65152,18.697447,-34.041338,V,2016,2,28,1,13,0
65153,18.694443,-34.056706,P,2016,2,28,1,5,0
65154,18.673367,-34.054786,V,2016,2,28,1,23,15
65155,18.710127,-34.056656,V,2016,2,28,1,23,0
65156,18.699032,-34.050225,V,2016,2,28,1,19,30
65157,18.689777,-34.04629,V,2016,2,28,1,2,0
65158,18.680995,-34.057676,V,2016,2,28,1,2,0
65159,18.678498,-34.061968,S,2016,2,29,2,0,45
65160,18.691035,-34.064552,V,2016,2,29,2,5,10
65161,18.662629,-34.058146,V,2016,2,29,2,6,30
65162,18.709978,-34.056591,V,2016,2,29,2,19,15
65163,18.675821,-34.071455,V,2016,2,29,2,15,0
65164,18.710192,-34.05661,V,2016,2,29,2,9,45
65165,18.688798,-34.056357,V,2016,2,29,2,7,5
65166,18.684662,-34.053773,V,2016,2,29,2,17,30
65167,18.710248,-34.056544,V,2016,2,29,2,4,10
65168,18.70177,-34.05092,V,2016,2,29,2,2,30
65169,18.70815,-34.041408,V,2016,3,1,3,5,30
65170,18.678179,-34.059899,V,2016,3,1,3,3,10
65171,18.695106,-34.051917,V,2016,3,1,3,22,15
65172,18.688844,-34.056366,V,2016,3,1,3,18,0
65173,18.710746,-34.050321,V,2016,3,1,3,20,15
65174,18.71022,-34.056619,P,2016,3,1,3,7,19
65175,18.710183,-34.056563,V,2016,3,1,3,20,30
65176,18.708496,-34.053132,V,2016,3,1,3,20,0
65177,18.707712,-34.041594,V,2016,3,1,3,15,40
65178,18.710025,-34.0566,V,2016,3,2,4,11,30
65179,18.6732,-34.054739,V,2016,3,2,4,5,20
65180,18.712662,-34.046899,S,2016,3,2,4,8,16
65181,18.691927,-34.049226,S,2016,3,2,4,0,15
65182,18.71268,-34.046936,V,2016,3,2,4,8,15
65183,18.673153,-34.054544,V,2016,3,2,4,5,0
65184,18.667506,-34.058238,V,2016,3,2,4,11,30
65185,18.695097,-34.051564,V,2016,3,3,5,4,17
65186,18.680499,-34.05248,V,2016,3,3,5,21,30
65187,18.71281,-34.046918,V,2016,3,3,5,17,0
65188,18.681397,-34.048205,V,2016,3,3,5,22,30
65189,18.675323,-34.059878,V,2016,3,3,5,17,0
65190,18.710146,-34.056544,V,2016,3,3,5,11,35
65191,18.674069,-34.054095,V,2016,3,4,6,17,0
65192,18.712615,-34.046964,V,2016,3,4,6,15,0
65193,18.699478,-34.049704,V,2016,3,4,6,22,0
65194,18.701066,-34.064049,V,2016,3,4,6,20,0
65195,18.674069,-34.054095,V,2016,3,4,6,17,0
65196,18.67852,-34.062159,V,2016,3,4,6,12,30
65197,18.712792,-34.046908,V,2016,3,4,6,10,25
65198,18.68987,-34.045685,P,2016,3,4,6,13,15
65199,18.670772,-34.058219,P,2016,3,4,6,18,0
65200,18.708019,-34.041296,V,2016,3,4,6,20,0
65201,18.710231,-34.038056,V,2016,3,4,6,2,0
65202,18.678528,-34.048847,V,2016,3,5,7,0,50
65203,18.6798,-34.059825,V,2016,3,5,7,20,0
65204,18.710025,-34.056721,V,2016,3,5,7,20,0
65205,18.694907,-34.059037,V,2016,3,5,7,19,0
65206,18.668498,-34.05443,P,2016,3,5,7,22,0
65207,18.71022,-34.056526,V,2016,3,5,7,22,0
65208,18.696023,-34.062328,V,2016,3,5,7,20,30
65209,18.710932,-34.050125,V,2016,3,5,7,20,30
65210,18.704257,-34.03905,V,2016,3,5,7,6,0
65211,18.710724,-34.056559,V,2016,3,6,1,21,45
65212,18.687063,-34.055413,V,2016,3,6,1,16,15
65213,18.710229,-34.056582,V,2016,3,6,1,8,30
65214,18.710276,-34.056572,V,2016,3,6,1,23,35
65215,18.682127,-34.057271,V,2016,3,6,1,19,40
65216,18.678114,-34.057521,V,2016,3,6,1,3,0
65217,18.677718,-34.048875,V,2016,3,6,1,20,0
65218,18.708891,-34.059173,V,2016,3,6,1,19,15
65219,18.710294,-34.056591,V,2016,3,6,1,19,0
65220,18.71147,-34.057828,V,2016,3,6,1,18,20
65221,18.676011,-34.069873,V,2016,3,6,1,13,0
65222,18.708364,-34.047956,V,2016,3,6,1,1,0
65223,18.668169,-34.059127,V,2016,3,6,1,0,0
65224,18.710201,-34.056517,V,2016,3,6,1,14,0
65225,18.67997,-34.063407,V,2016,3,6,1,4,15
65226,18.685693,-34.054183,S,2016,3,7,2,5,0
65227,18.683533,-34.060887,V,2016,3,7,2,0,30
65228,18.664672,-34.056562,V,2016,3,7,2,0,25
65229,18.712866,-34.046992,V,2016,3,7,2,4,0
65230,18.670772,-34.057856,V,2016,3,7,2,14,0
65231,18.710211,-34.056572,V,2016,3,7,2,11,0
65232,18.685758,-34.054183,V,2016,3,7,2,20,40
65233,18.672691,-34.059299,V,2016,3,7,2,20,0
65234,18.671877,-34.054711,V,2016,3,7,2,8,0
65235,18.673023,-34.053995,V,2016,3,8,3,6,30
65236,18.680707,-34.057583,V,2016,3,8,3,12,30
65237,18.67791,-34.057149,P,2016,3,8,3,17,30
65238,18.663332,-34.055976,V,2016,3,9,4,6,35
65239,18.685963,-34.042338,V,2016,3,9,4,6,0
65240,18.679378,-34.053905,V,2016,3,9,4,23,45
65241,18.710681,-34.049856,V,2016,3,9,4,10,30
65242,18.685675,-34.043511,V,2016,3,10,5,4,0
65243,18.693484,-34.058544,V,2016,3,11,6,21,10
65244,18.708082,-34.058224,V,2016,3,11,6,16,0
65245,18.714035,-34.055061,V,2016,3,11,6,15,0
65246,18.685777,-34.054221,V,2016,3,11,6,12,15
65247,18.706655,-34.050128,V,2016,3,11,6,6,10
65248,18.689684,-34.046011,V,2016,3,12,7,5,50
65249,18.6757,-34.071231,V,2016,3,12,7,15,45
65250,18.702547,-34.052298,V,2016,3,12,7,23,31
65251,18.703978,-34.038055,V,2016,3,12,7,15,30
65252,18.685721,-34.043436,V,2016,3,12,7,12,10
65253,18.704479,-34.045541,V,2016,3,12,7,22,35
65254,18.685758,-34.043483,V,2016,3,12,7,13,5
65255,18.710681,-34.050163,V,2016,3,12,7,13,1
65256,18.692971,-34.064738,V,2016,3,13,1,17,0
65257,18.689554,-34.04602,V,2016,3,13,1,10,50
65258,18.683519,-34.056558,V,2016,3,13,1,17,0
65259,18.687938,-34.058692,V,2016,3,13,1,23,20
65260,18.669781,-34.05656,V,2016,3,13,1,18,0
65261,18.664532,-34.056497,V,2016,3,13,1,12,0
65262,18.680471,-34.052518,V,2016,3,13,1,3,15
65263,18.71025,-34.056577,V,2016,3,13,1,0,0
65264,18.691946,-34.04918,P,2016,3,13,1,4,15
65265,18.706708,-34.054318,V,2016,3,13,1,20,0
65266,18.704015,-34.037971,V,2016,3,13,1,13,15
65267,18.710155,-34.056498,V,2016,3,13,1,0,20
65268,18.690756,-34.065482,V,2016,3,14,2,5,46
65269,18.710276,-34.056517,V,2016,3,14,2,5,15
65270,18.712699,-34.046881,P,2016,3,14,2,2,40
65271,18.712717,-34.047243,V,2016,3,14,2,6,50
65272,18.685163,-34.04338,V,2016,3,14,2,6,50
65273,18.667689,-34.05389,V,2016,3,14,2,6,0
65274,18.710476,-34.049967,V,2016,3,14,2,16,55
65275,18.681246,-34.056748,V,2016,3,14,2,7,20
65276,18.698958,-34.048712,V,2016,3,15,3,4,12
65277,18.706274,-34.040557,V,2016,3,15,3,11,0
65278,18.685842,-34.043557,V,2016,3,15,3,8,0
65279,18.689654,-34.056506,V,2016,3,15,3,16,30
65280,18.677556,-34.057456,V,2016,3,15,3,8,0
65281,18.667292,-34.058144,V,2016,3,16,4,23,0
65282,18.677672,-34.048809,V,2016,3,16,4,15,15
65283,18.706099,-34.043228,P,2016,3,16,4,20,45
65284,18.711877,-34.051707,P,2016,3,16,4,19,30
65285,18.710136,-34.056582,P,2016,3,16,4,11,30
65286,18.692952,-34.064691,V,2016,3,16,4,14,15
65287,18.671442,-34.057735,V,2016,3,17,5,19,30
65288,18.693119,-34.058482,V,2016,3,17,5,15,15
65289,18.700093,-34.048577,V,2016,3,17,5,13,20
65290,18.706108,-34.038371,V,2016,3,17,5,13,0
65291,18.710211,-34.05647,V,2016,3,17,5,20,0
65292,18.711197,-34.057242,S,2016,3,18,6,20,15
65293,18.681113,-34.052248,V,2016,3,18,6,17,0
65294,18.714285,-34.050651,V,2016,3,18,6,22,20
65295,18.685758,-34.054165,V,2016,3,18,6,21,20
65296,18.676384,-34.056684,S,2016,3,19,7,2,0
65297,18.680102,-34.037892,V,2016,3,19,7,21,0
65298,18.680937,-34.052248,V,2016,3,19,7,5,35
65299,18.715822,-34.049905,V,2016,3,19,7,20,40
65300,18.680397,-34.052201,V,2016,3,19,7,12,10
65301,18.689077,-34.063236,P,2016,3,19,7,15,30
65302,18.676384,-34.056684,P,2016,3,19,7,2,0
65303,18.69351,-34.058594,V,2016,3,19,7,22,15
65304,18.690869,-34.047446,V,2016,3,19,7,19,0
65305,18.667893,-34.054393,V,2016,3,19,7,18,40
65306,18.678282,-34.057456,V,2016,3,19,7,15,0
65307,18.706531,-34.041129,V,2016,3,19,7,6,20
65308,18.711329,-34.057759,S,2016,3,20,1,21,1
65309,18.683566,-34.036884,V,2016,3,20,1,20,45
65310,18.711405,-34.057685,V,2016,3,20,1,17,0
65311,18.711002,-34.047771,V,2016,3,20,1,12,45
65312,18.710923,-34.057281,V,2016,3,20,1,9,0
65313,18.698996,-34.052831,V,2016,3,20,1,7,0
65314,18.679409,-34.061121,V,2016,3,20,1,9,18
65315,18.709855,-34.0578,V,2016,3,21,2,20,30
65316,18.688583,-34.045622,S,2016,3,21,2,3,0
65317,18.709855,-34.0578,V,2016,3,21,2,20,31
65318,18.693007,-34.056889,V,2016,3,21,2,13,50
65319,18.685228,-34.045185,V,2016,3,21,2,21,0
65320,18.709552,-34.058364,V,2016,3,21,2,20,40
65321,18.696166,-34.039387,V,2016,3,21,2,9,0
65322,18.693236,-34.056587,V,2016,3,21,2,0,30
65323,18.688583,-34.045622,P,2016,3,21,2,2,45
65324,18.716573,-34.050586,V,2016,3,21,2,21,10
65325,18.680912,-34.069915,V,2016,3,21,2,16,0
65326,18.688583,-34.045622,V,2016,3,21,2,3,0
65327,18.711489,-34.048788,V,2016,3,22,3,18,10
65328,18.670552,-34.056664,V,2016,3,22,3,14,46
65329,18.695709,-34.043007,V,2016,3,22,3,11,45
65330,18.688078,-34.058729,V,2016,3,22,3,22,0
65331,18.690811,-34.058817,V,2016,3,22,3,20,30
65332,18.692186,-34.055876,V,2016,3,22,3,19,30
65333,18.716824,-34.051033,V,2016,3,22,3,16,45
65334,18.684336,-34.047564,V,2016,3,22,3,3,30
65335,18.670552,-34.056664,P,2016,3,22,3,14,45
65336,18.695086,-34.042635,P,2016,3,22,3,11,45
65337,18.695134,-34.05175,P,2016,3,22,3,1,25
65338,18.707024,-34.046174,P,2016,3,23,4,9,10
65339,18.693124,-34.05548,V,2016,3,23,4,20,20
65340,18.705588,-34.0627,V,2016,3,23,4,20,40
65341,18.681002,-34.052378,V,2016,3,23,4,19,30
65342,18.681705,-34.037126,V,2016,3,23,4,9,0
65343,18.709143,-34.059201,P,2016,3,23,4,7,45
65344,18.708798,-34.059918,P,2016,3,23,4,23,0
65345,18.714796,-34.050037,V,2016,3,24,5,9,15
65346,18.714722,-34.051907,V,2016,3,24,5,6,13
65347,18.714722,-34.051907,V,2016,3,24,5,6,12
65348,18.714722,-34.051907,V,2016,3,24,5,6,11
65349,18.714722,-34.051907,V,2016,3,24,5,6,10
65350,18.691025,-34.048845,V,2016,3,24,5,11,45
65351,18.704099,-34.038064,V,2016,3,24,5,14,0
65352,18.713164,-34.046974,S,2016,3,24,5,23,0
65353,18.681619,-34.057387,S,2016,3,25,6,20,15
65354,18.688881,-34.065059,V,2016,3,25,6,0,1
65355,18.694132,-34.058297,V,2016,3,25,6,21,30
65356,18.698976,-34.05002,V,2016,3,25,6,17,0
65357,18.709426,-34.048177,V,2016,3,25,6,16,15
65358,18.708984,-34.056698,V,2016,3,25,6,14,30
65359,18.711955,-34.046704,V,2016,3,25,6,13,0
65360,18.713527,-34.047067,V,2016,3,25,6,12,0
65361,18.70815,-34.041473,V,2016,3,25,6,8,30
65362,18.697112,-34.050059,V,2016,3,25,6,0,0
65363,18.688881,-34.065059,P,2016,3,25,6,0,0
65364,18.702943,-34.05225,V,2016,3,25,6,22,0
65365,18.678789,-34.060378,V,2016,3,25,6,22,0
65366,18.694489,-34.059381,V,2016,3,25,6,20,30
65367,18.693983,-34.058502,V,2016,3,25,6,19,40
65368,18.693227,-34.055396,V,2016,3,26,7,19,30
65369,18.711335,-34.044904,V,2016,3,26,7,23,15
65370,18.679833,-34.071916,V,2016,3,26,7,2,54
65371,18.681656,-34.057871,V,2016,3,26,7,23,45
65372,18.701655,-34.048104,V,2016,3,26,7,20,20
65373,18.714461,-34.053247,V,2016,3,26,7,19,0
65374,18.711254,-34.052203,V,2016,3,26,7,18,30
65375,18.684085,-34.046819,V,2016,3,26,7,6,0
65376,18.708234,-34.047751,V,2016,3,26,7,2,0
65377,18.712284,-34.044727,V,2016,3,27,1,3,15
65378,18.708938,-34.059424,V,2016,3,27,1,10,0
65379,18.68494,-34.041222,V,2016,3,27,1,21,40
65380,18.693332,-34.058372,V,2016,3,27,1,19,45
65381,18.693155,-34.058474,V,2016,3,27,1,18,20
65382,18.714257,-34.053535,V,2016,3,27,1,17,55
65383,18.703959,-34.038008,V,2016,3,27,1,15,0
65384,18.715187,-34.052242,V,2016,3,27,1,9,30
65385,18.689517,-34.049096,V,2016,3,27,1,7,1
65386,18.66825,-34.058051,V,2016,3,27,1,1,11
65387,18.677588,-34.048884,P,2016,3,27,1,19,0
65388,18.710006,-34.056126,P,2016,3,27,1,8,20
65389,18.71322,-34.046788,V,2016,3,27,1,19,40
65390,18.706404,-34.045732,V,2016,3,27,1,14,20
65391,18.667725,-34.055495,V,2016,3,27,1,0,30
65392,18.714554,-34.051461,S,2016,3,28,2,1,0
65393,18.694758,-34.042931,V,2016,3,28,2,21,15
65394,18.702716,-34.051702,V,2016,3,28,2,8,0
65395,18.678626,-34.050644,V,2016,3,28,2,15,30
65396,18.7117,-34.040044,V,2016,3,28,2,15,15
65397,18.698474,-34.049723,P,2016,3,28,2,20,30
65398,18.714266,-34.053284,P,2016,3,28,2,1,45
65399,18.70005,-34.048277,V,2016,3,29,3,4,45
65400,18.712755,-34.04689,P,2016,3,29,3,13,45
65401,18.667413,-34.058126,V,2016,3,29,3,2,0
65402,18.712727,-34.046908,V,2016,3,30,4,19,0
65403,18.694985,-34.051526,V,2016,3,30,4,5,15
65404,18.690598,-34.046323,V,2016,3,30,4,9,30
65405,18.674928,-34.069398,V,2016,3,30,4,17,40
65406,18.673978,-34.058732,V,2016,3,30,4,10,0
65407,18.690598,-34.046323,V,2016,3,30,4,9,30
65408,18.685656,-34.043418,V,2016,3,31,5,0,37
